time,open,high,low,close,Basis,Upper,Lower,RSI,RSI-based MA,Regular Bullish,Regular Bullish Label,Regular Bearish,Regular Bearish Label,Histogram,MACD,Signal,ADX
2017-09-25,0.0216779,0.0304672,0.0193715,0.0211592,NaN,NaN,NaN,NaN,NaN,NaN,NaN,NaN,NaN,NaN,NaN,NaN,NaN
2017-10-02,0.0211592,0.0299778,0.0177589,0.0211092,NaN,NaN,NaN,NaN,NaN,NaN,NaN,NaN,NaN,NaN,NaN,NaN,NaN
2017-10-09,0.0211092,0.0377432,0.0204148,0.0302856,NaN,NaN,NaN,NaN,NaN,NaN,NaN,NaN,NaN,NaN,NaN,NaN,NaN
2017-10-16,0.0302856,0.0308552,0.0248471,0.0278998,NaN,NaN,NaN,NaN,NaN,NaN,NaN,NaN,NaN,NaN,NaN,NaN,NaN
2017-10-23,0.0278998,0.0298368,0.0241272,0.0287651,NaN,NaN,NaN,NaN,NaN,NaN,NaN,NaN,NaN,NaN,NaN,NaN,NaN
2017-10-30,0.0287651,0.0306361,0.019044,0.022095,NaN,NaN,NaN,NaN,NaN,NaN,NaN,NaN,NaN,NaN,NaN,NaN,NaN
2017-11-06,0.022095,0.034791,0.0207862,0.0238665,NaN,NaN,NaN,NaN,NaN,NaN,NaN,NaN,NaN,NaN,NaN,NaN,NaN
2017-11-13,0.0238665,0.0284778,0.0237862,0.0283193,NaN,NaN,NaN,NaN,NaN,NaN,NaN,NaN,NaN,NaN,NaN,NaN,NaN
2017-11-20,0.0283193,0.0396186,0.0271653,0.0376595,NaN,NaN,NaN,NaN,NaN,NaN,NaN,NaN,NaN,NaN,NaN,NaN,NaN
2017-11-27,0.0376595,0.145898,0.0368587,0.13066,NaN,NaN,NaN,NaN,NaN,NaN,NaN,NaN,NaN,NaN,NaN,NaN,NaN
2017-12-04,0.13066,0.144895,0.102622,0.108952,NaN,NaN,NaN,NaN,NaN,NaN,NaN,NaN,NaN,NaN,NaN,NaN,NaN
2017-12-11,0.108952,0.576844,0.108952,0.510468,NaN,NaN,NaN,NaN,NaN,NaN,NaN,NaN,NaN,NaN,NaN,NaN,NaN
2017-12-18,0.510468,0.589589,0.307842,0.394238,NaN,NaN,NaN,NaN,NaN,NaN,NaN,NaN,NaN,NaN,NaN,NaN,NaN
2017-12-25,0.394238,0.756516,0.367425,0.727528,NaN,NaN,NaN,NaN,NaN,NaN,NaN,NaN,NaN,NaN,NaN,NaN,NaN
2018-01-01,0.727528,1.31513,0.673824,1.01626,NaN,NaN,NaN,88.59407382286811,NaN,NaN,NaN,NaN,NaN,NaN,NaN,NaN,NaN
2018-01-08,1.01626,1.01626,0.617729,0.813374,NaN,NaN,NaN,75.75505274890848,NaN,NaN,NaN,NaN,NaN,NaN,NaN,NaN,NaN
2018-01-15,0.813374,0.877351,0.451362,0.617194,NaN,NaN,NaN,65.82194225993817,NaN,NaN,NaN,NaN,NaN,NaN,NaN,NaN,NaN
2018-01-22,0.617194,0.68173,0.526951,0.669135,NaN,NaN,NaN,67.05368706799243,NaN,NaN,NaN,NaN,NaN,NaN,NaN,NaN,NaN
2018-01-29,0.669135,0.670286,0.279625,0.39757,NaN,NaN,NaN,55.74250450991034,NaN,NaN,NaN,NaN,NaN,NaN,NaN,NaN,NaN
2018-02-05,0.39757,0.459408,0.270898,0.374264,0.30004010999999997,0.932751884682191,-0.332671664682191,54.88678434684353,NaN,NaN,NaN,NaN,NaN,NaN,NaN,NaN,NaN
2018-02-12,0.374264,0.428074,0.363309,0.389525,0.31845840000000003,0.9389532451925833,-0.3020364451925832,55.369924180934674,NaN,NaN,NaN,NaN,NaN,NaN,NaN,NaN,NaN
2018-02-19,0.389525,0.404329,0.315684,0.344618,0.33463384,0.9399608830602764,-0.2706932030602763,53.552466635951426,NaN,NaN,NaN,NaN,NaN,NaN,NaN,NaN,NaN
2018-02-26,0.344618,0.346955,0.287308,0.301514,0.34819526,0.9375839222022326,-0.24119340220223262,51.79508098269195,NaN,NaN,NaN,NaN,NaN,NaN,NaN,NaN,NaN
2018-03-05,0.301514,0.313684,0.19333,0.223719,0.35798622,0.9320738222551316,-0.21610138225513154,48.68950774443023,NaN,NaN,NaN,NaN,NaN,NaN,NaN,NaN,NaN
2018-03-12,0.223719,0.237342,0.127855,0.159321,0.364514015,0.9263168197184501,-0.1972887897184501,46.219038002661456,NaN,NaN,NaN,NaN,NaN,NaN,NaN,NaN,NaN
2018-03-19,0.159321,0.226875,0.157007,0.184423,0.37263041500000005,0.9188861115045848,-0.17362528150458467,47.34064401220308,NaN,NaN,NaN,NaN,NaN,NaN,0.029255997652478938,NaN,NaN
2018-03-26,0.184423,0.184701,0.136983,0.150207,0.37894744,0.9116789372583596,-0.15378405725835953,45.93441659387446,NaN,NaN,NaN,NaN,NaN,NaN,0.01340737324922664,NaN,NaN
2018-04-02,0.150207,0.178922,0.142206,0.156551,0.38535902499999997,0.9039556228245977,-0.1332375728245978,46.25319775670259,57.357737190422206,NaN,NaN,NaN,NaN,NaN,0.0013436433236104772,NaN,38.877653176994116
2018-04-09,0.156551,0.223444,0.147702,0.220163,0.3944842,0.8943724969206621,-0.1054040969206621,49.47039870167192,54.563188967479626,NaN,NaN,NaN,NaN,NaN,-0.003048847567668489,NaN,36.999498177011084
2018-04-16,0.220163,0.304768,0.213138,0.286085,0.40225545,0.8901859529438003,-0.08567505294380023,52.634590917899835,52.91172740812186,NaN,NaN,NaN,NaN,NaN,-0.0011967780657625715,NaN,35.81084190857572
2018-04-23,0.286085,0.386247,0.263954,0.366911,0.4151534,0.8846799812698574,-0.054373181269857296,56.25186891064976,52.22815074031554,NaN,NaN,NaN,NaN,NaN,0.006715570154428807,NaN,35.20519934224182
2018-04-30,0.366911,0.389749,0.325109,0.348838,0.40707190000000004,0.8753202740609891,-0.06117647406098897,55.23607122268787,51.38403532279379,NaN,NaN,NaN,NaN,NaN,0.01139645186364513,NaN,34.663769040974444
2018-05-07,0.348838,0.350021,0.244857,0.287474,0.4017337,0.8728709878820354,-0.06940358788203538,51.814765402380154,51.10348252939878,NaN,NaN,NaN,NaN,NaN,0.01003880132968471,NaN,33.335160419041415
2018-05-14,0.287474,0.287474,0.236577,0.255647,0.37813965,0.8284545474352392,-0.07217524743523918,50.08208585149514,50.760289779731046,NaN,NaN,NaN,NaN,-0.0019264175607227162,0.006321806736642399,0.008248224297365115,32.01883530433215
2018-05-21,0.255647,0.26106,0.19256,0.193399,0.3369966,0.685419920021149,-0.011426720021149084,46.78673376487909,50.14720475001278,NaN,NaN,NaN,NaN,-0.00790103089195867,-0.0016280643175832221,0.006272966574375448,30.35353892400868
2018-05-28,0.193399,0.236283,0.174673,0.228257,0.30774074999999995,0.5815161425632289,0.03396535743677098,48.81769215521409,49.80900657281726,NaN,NaN,NaN,NaN,-0.009064250998790218,-0.0050573471741123255,0.004006903824677893,28.628022614800923
2018-06-04,0.228257,0.230996,0.174149,0.175875,0.2856748,0.5251132960549159,0.04623630394508421,45.977850859240554,49.393490135427875,NaN,NaN,NaN,NaN,-0.01269759885452864,-0.011865094743482907,0.0008325041110457325,27.020239389474032
2018-06-11,0.175875,0.182352,0.153258,0.161702,0.26030315,0.42888967653551524,0.0917166234644847,45.21149568375996,49.145060702522855,NaN,NaN,NaN,NaN,-0.015221359317475829,-0.018194195035799055,-0.002972835718323225,25.29772118887998
2018-06-18,0.161702,0.169903,0.123477,0.131582,0.24700375000000002,0.41210768707464984,0.08189981292535023,43.550190757401424,48.954428756432854,NaN,NaN,NaN,NaN,-0.017900359933168686,-0.025348285634784085,-0.007447925701615397,23.609828052844996
2018-06-25,0.131582,0.145143,0.114893,0.145143,0.23554770000000005,0.3954552793802154,0.0756401206197847,44.538322635408385,48.75426294380467,NaN,NaN,NaN,NaN,-0.017707806515610148,-0.029582683846128083,-0.011874877330517935,22.13805198732826
2018-07-02,0.145143,0.166678,0.139198,0.14584,0.22336345000000005,0.371161632180262,0.07556526781973807,44.5920073432185,48.65837656875781,NaN,NaN,NaN,NaN,-0.01650610338396409,-0.03250750656047305,-0.016001403176508958,20.602959311641893
2018-07-09,0.14584,0.146039,0.123582,0.143159,0.21329050000000005,0.35394775345605173,0.07263324654394837,44.41392311875044,48.52699980890408,NaN,NaN,NaN,NaN,-0.01491283534581055,-0.034642447358772144,-0.019729612012961594,19.278791675471076
2018-07-16,0.143159,0.192834,0.141294,0.169845,0.20670705000000006,0.3424712602978176,0.07094283970218254,46.6958453418172,48.32881742605731,NaN,NaN,NaN,NaN,-0.011249541051798664,-0.033791538327709925,-0.02254199727591126,18.33736649035453
2018-07-23,0.169845,0.178652,0.15703,0.163725,0.20370735000000004,0.34048285231423064,0.06693184768576943,46.22715649593523,47.87114353877413,NaN,NaN,NaN,NaN,-0.008548792643483481,-0.033227988080265614,-0.024679195436782132,17.46318596131773
2018-07-30,0.163725,0.163725,0.124668,0.131592,0.20232090000000005,0.3414105983487995,0.06323120165120058,43.744512256647155,46.97776092063109,NaN,NaN,NaN,NaN,-0.008233531504260864,-0.034971109817108215,-0.02673757831284735,16.237044245754202
2018-08-06,0.131592,0.136192,0.109649,0.112865,0.19874300000000003,0.34307298079816956,0.054413019201830504,42.318099910182774,46.05504868402358,NaN,NaN,NaN,NaN,-0.008555668595689674,-0.037432164057459444,-0.02887649546176977,15.30677890182017
2018-08-13,0.112865,0.115714,0.0893038,0.102512,0.19635825,0.3453190758568342,0.047397424143165834,41.51220211108296,45.31915130607378,NaN,NaN,NaN,NaN,-0.00870651837482354,-0.039759643430299196,-0.031053125055475656,14.72586968727127
2018-08-20,0.102512,0.103639,0.0892984,0.0929685,0.19317912500000003,0.3480011678343057,0.03835708216569442,40.74196937069633,44.652000128873865,NaN,NaN,NaN,NaN,-0.008670596474923749,-0.041891370649130344,-0.033220774174206595,14.186531543334285
2018-08-27,0.0929685,0.108924,0.0927257,0.104264,0.18738417500000004,0.346353018343995,0.028415331656005044,42.11103557251606,44.318021686562226,NaN,NaN,NaN,NaN,-0.0071698344507812595,-0.04218306723768317,-0.03501323278690191,13.592488654292481
2018-09-03,0.104264,0.106504,0.0751384,0.077138,0.17693682500000002,0.33604992287483776,0.01782372712516228,39.73674171274243,43.669382369242825,NaN,NaN,NaN,NaN,-0.007265240307978392,-0.0440947831718749,-0.03682954286389651,13.322048977304938
2018-09-10,0.077138,0.0779122,0.0620001,0.0699208,0.162087315,0.30175618989466385,0.022418440105336168,39.10500150165924,43.178464557987006,NaN,NaN,NaN,NaN,-0.0070689998799216835,-0.045665792713798614,-0.03859679283387693,13.280614222362006
2018-09-17,0.0699208,0.0929158,0.0627126,0.0903184,0.149161335,0.2627133607017075,0.03560930929829255,41.91561221783278,42.943044310420774,NaN,NaN,NaN,NaN,-0.004921824754475987,-0.04474907377697192,-0.03982724902249593,12.93219841236756
2018-09-24,0.0903184,0.302,0.0757642,0.085512,0.13906323500000004,0.23637893237626742,0.04174753762373265,41.430364665931826,42.79162816103009,NaN,NaN,NaN,NaN,-0.0032616425893694373,-0.04390430225920773,-0.040642659669838294,14.243220609557303
2018-10-01,0.0855,0.09,0.073,0.08462,0.13051188500000005,0.21448986380204832,0.046533906197951766,41.33472628131709,42.56279985002357,NaN,NaN,NaN,NaN,-0.0017364858631263719,-0.042813266998746255,-0.04107678113561988,15.411968841876048
2018-10-08,0.084695,0.088849,0.066,0.07015,0.12434943500000006,0.20704255048861414,0.041656319511386,39.73241532353571,42.21568613433195,NaN,NaN,NaN,NaN,-0.001238470138656321,-0.042624868808940286,-0.041386398670283965,16.367141327446237
2018-10-15,0.069655,0.08199,0.0685,0.07535,0.11670408500000007,0.18688369996005272,0.04652447003994743,40.62319046875428,41.94491951647508,NaN,NaN,NaN,NaN,-0.00015223713102214403,-0.04157669508406164,-0.0414244579530395,17.25408720690427
2018-10-22,0.075122,0.077449,0.07,0.0726,0.11154033500000007,0.17867688038357826,0.0444037896164219,40.28408728615611,41.48693679821357,NaN,NaN,NaN,NaN,0.0007387334967272896,-0.04050104108213039,-0.04123977457885768,18.077679809258157
2018-10-29,0.072807,0.077898,0.068,0.077407,0.10732558500000004,0.17187043483576364,0.042780735164236444,41.207939763505166,41.12842131732571,NaN,NaN,NaN,NaN,0.0019411976574607373,-0.03881327750703176,-0.040754475164492494,18.796894447409503
2018-11-05,0.077,0.081674,0.073208,0.0763,0.10456148500000007,0.1694484582401603,0.03967451175983984,41.05043687651399,40.93598736160192,NaN,NaN,NaN,NaN,0.0028940227258096238,-0.03713694675723046,-0.04003096948304009,19.515893878823583
2018-11-12,0.07608,0.076799,0.056,0.060815,0.10034508500000008,0.16509526877164105,0.035594901228359135,38.815520377068744,40.68580310923663,NaN,NaN,NaN,NaN,0.0027162637492500336,-0.03663563979647755,-0.03935190354572758,19.754266936585
2018-11-19,0.060971,0.075,0.027,0.037099,0.09490803500000008,0.16169423299812888,0.02812183700187129,35.61722538423527,40.26473334303322,NaN,NaN,NaN,NaN,0.0013077209102671725,-0.037717252407893614,-0.03902497331816079,19.29082828821217
2018-11-26,0.037175,0.05,0.031,0.0412,0.0898100850000001,0.15665108548818288,0.02296908451181731,36.590202183727406,39.96817854396401,NaN,NaN,NaN,NaN,0.0009738201276260627,-0.03780769815862821,-0.03878151828625427,18.860492400437405
2018-12-03,0.041318,0.04379,0.025601,0.031198,0.08287773500000009,0.1435526657207619,0.022202804279238292,35.193273532055215,39.474052683931085,NaN,NaN,NaN,NaN,0.0004287477515196522,-0.038245583596854704,-0.038674331348374356,18.326835701554387
2018-12-10,0.031499,0.0315,0.027002,0.028723,0.0761276350000001,0.12883895096647205,0.02341631903352815,34.8388308417603,39.12420190743236,NaN,NaN,NaN,NaN,0.00025926905905078457,-0.03835024502456088,-0.038609514083611664,17.83129733830587
2018-12-17,0.028955,0.044804,0.028811,0.043898,0.07174293500000009,0.11963939804303747,0.02384647195696271,38.901882714611524,39.10969342264324,NaN,NaN,NaN,NaN,0.001459880403888017,-0.03678466357875164,-0.038244543982639656,17.657326419129205
2018-12-24,0.044506,0.0494,0.035908,0.043195,0.06825943500000009,0.11376024988954947,0.02275862011045071,38.781241274430535,38.88580978382879,NaN,NaN,NaN,NaN,0.002439675381600559,-0.03519494975563896,-0.037634625137239516,17.59575232177518
2018-12-31,0.042998,0.049698,0.039696,0.048691,0.06556838500000009,0.10896532317606328,0.022171446823936902,40.33897312309082,38.80785324505444,NaN,NaN,NaN,NaN,0.0036197496508725627,-0.033109938073648815,-0.03672968772452138,17.54543356405494
2019-01-07,0.04933,0.074,0.039199,0.0397,0.06290496000000009,0.10578386297376502,0.02002605702623516,38.60822460707897,38.613103125466004,NaN,NaN,NaN,NaN,0.003930717019482971,-0.031816291450167664,-0.035747008469650635,18.044891635269337
2019-01-14,0.0399,0.046266,0.039701,0.042999,0.05984171000000009,0.09906162495074353,0.020621795049256646,39.63169923803133,38.60590911935855,NaN,NaN,NaN,NaN,0.004456003785974959,-0.030177003737181934,-0.03463300752315689,18.508674129968423
2019-01-21,0.042962,0.0458,0.040297,0.040745,0.0580220600000001,0.09724019051721822,0.018803929482781985,39.15144526394522,38.500784461872186,NaN,NaN,NaN,NaN,0.004723549777543051,-0.02872857030122808,-0.03345212007877113,18.939329303617573
2019-01-28,0.040658,0.040787,0.036535,0.03765,0.05640852000000009,0.09618710568313307,0.0166299343168671,38.462231134434084,38.37065187960633,NaN,NaN,NaN,NaN,0.004751087060991074,-0.02751326125253229,-0.032264348313523365,19.183746522997524
2019-02-04,0.037762,0.042868,0.035597,0.0426,0.0540226000000001,0.0910053591528803,0.017039840847119903,40.27317517396826,38.30388298035369,NaN,NaN,NaN,NaN,0.0051293324029842435,-0.02585268280979306,-0.030982015212777304,19.46785098753456
2019-02-11,0.042443,0.042443,0.039509,0.041171,0.0518055500000001,0.08619711137470283,0.017413988625297375,39.90805522523253,38.22228429097645,NaN,NaN,NaN,NaN,0.005288782852284735,-0.024371036647421386,-0.02965981949970612,19.731662276033244
2019-02-18,0.041273,0.050574,0.040976,0.041575,0.04965330000000009,0.08079532913170492,0.018511270868295248,40.07346937074431,38.312137790524694,NaN,NaN,NaN,NaN,0.0054076618174218605,-0.022900242227928795,-0.028307904045350656,20.22148291091119
2019-02-25,0.041547,0.044399,0.041188,0.041913,0.04824145000000008,0.07807117013596447,0.01841172986403569,40.221727925502904,38.641030829186676,NaN,NaN,NaN,NaN,0.005478342409543591,-0.021459976033421167,-0.026938318442964758,20.676316357583573
2019-03-04,0.04184,0.046747,0.0392,0.045205,0.04673420000000008,0.07385604179291595,0.01961235820708421,41.733707149854,39.00842404105286,NaN,NaN,NaN,NaN,0.005691139130195054,-0.01982439453022094,-0.025515533660415993,21.17585292333774
2019-03-11,0.045294,0.051502,0.044498,0.0497,0.045589200000000094,0.07004940184381062,0.021128998156189568,43.823075346359836,39.62483845636034,NaN,NaN,NaN,NaN,0.006045657723531422,-0.017958461506001715,-0.024004119229533136,21.800417378267074
2019-03-18,0.049658,0.071,0.048871,0.06119,0.044778350000000085,0.06579915103397486,0.023757548966025305,48.87022825574996,40.62708112878817,NaN,NaN,NaN,NaN,0.0069030456721226804,-0.015375312139379788,-0.022278357811502468,22.98493262127901
2019-03-25,0.0609,0.072707,0.056006,0.069574,0.04444205,0.06356438388972133,0.025319716110278667,52.24194481768734,41.5799427075793,NaN,NaN,NaN,NaN,0.00781672559611079,-0.01250745081636398,-0.02032417641247477,24.134390650536318
2019-04-01,0.069363,0.10184,0.0525,0.089778,0.04589019999999999,0.07262463610476924,0.019155763895230736,59.22083422123156,43.0399136323508,NaN,NaN,NaN,NaN,0.009454300515851138,-0.008506300767660846,-0.017960601283511984,25.947832488616285
2019-04-08,0.089803,0.092572,0.0768,0.084502,0.04826034999999999,0.07948496865435653,0.01703573134564345,56.88320384184499,44.2216443979761,NaN,NaN,NaN,NaN,0.009812132074137331,-0.005695436190840321,-0.015507568264977652,27.6317427668334
2019-04-15,0.084984,0.085452,0.071368,0.073955,0.04989809999999999,0.08285748726918311,0.01693871273081686,52.427944445049434,45.20876724354542,NaN,NaN,NaN,NaN,0.00899034042486886,-0.0042696427338915766,-0.013259983158760437,28.81355990467897
2019-04-22,0.073631,0.080079,0.06518,0.066911,0.05168374999999999,0.08426466513064038,0.019102834869359604,49.63201664663755,45.923075629874425,NaN,NaN,NaN,NaN,0.007675325950371369,-0.003665825720796226,-0.011341151671167594,29.47827312960299
2019-04-29,0.066877,0.074,0.063,0.0655,0.053522599999999976,0.08483919461308012,0.02220600538691983,49.06753514613157,46.631367764316316,NaN,NaN,NaN,NaN,0.006462095475931068,-0.0032635323262537597,-0.009725627802184828,29.940711982064123
2019-05-06,0.065252,0.079335,0.05914,0.070487,0.054852049999999986,0.08667485530358685,0.023029244696413133,51.180900549021416,47.53984415107255,NaN,NaN,NaN,NaN,0.005769837777449566,-0.002513330580372869,-0.008283168357822435,30.55178369487169
2019-05-13,0.070088,0.100699,0.069707,0.086824,0.05703349999999998,0.09125220534371511,0.022814794656284845,57.41475519502895,48.764242724005456,NaN,NaN,NaN,NaN,0.0061515848713926706,-0.0005936872685815969,-0.0067452721399742675,31.761533672848717
2019-05-20,0.086669,0.08836,0.074,0.086162,0.05890704999999998,0.09513761000381442,0.022676489996185545,57.09659380747165,49.99199547987968,NaN,NaN,NaN,NaN,0.006087628375329359,0.0008642633291874313,-0.005223365046141928,32.8848729381131
2019-05-27,0.086816,0.09865,0.079589,0.0965,0.061747049999999984,0.10033791552786815,0.023156184472131816,60.754072260170574,51.46918140055298,NaN,NaN,NaN,NaN,0.006435785574496497,0.0028213669219786935,-0.003614418652517803,34.2111862690449
2019-06-03,0.096794,0.097999,0.077281,0.079137,0.06355395,0.10184728555842318,0.025260614441576817,52.6377344791785,52.35603901152981,NaN,NaN,NaN,NaN,0.005241515115619271,0.002937475242006285,-0.0023040398736129857,35.24899114437886
2019-06-10,0.07874,0.097,0.077944,0.092117,0.06612254999999999,0.10484087446516768,0.0274042255348323,57.2369905594462,53.46341639792926,NaN,NaN,NaN,NaN,0.005067559413383308,0.004030409393116149,-0.0010371500202671585,36.21266710004612
2019-06-17,0.092295,0.10243,0.085352,0.096167,0.06904839999999998,0.10756155140260545,0.03053524859739451,58.588265003575415,54.518072802016086,NaN,NaN,NaN,NaN,0.0049607945483311445,0.0051638431651467726,0.00020304861681562781,37.27811610293622
2019-06-24,0.0959,0.10649,0.080999,0.082022,0.07101949999999999,0.107917754389605,0.034121245610394965,52.36460644958297,54.767671244432734,NaN,NaN,NaN,NaN,0.003729271341565962,0.00486463779377308,0.0011353664522071182,37.85000143739636
2019-07-01,0.081446,0.0854,0.075542,0.080156,0.07296874999999999,0.10738954910097978,0.03854795089902019,51.586101814199644,54.72082531561218,NaN,NaN,NaN,NaN,0.002632447208175026,0.0044259254624259,0.0017934782542508745,37.86612388715553
2019-07-08,0.080182,0.082424,0.059958,0.062183,0.07399914999999999,0.10572764644893387,0.04227065355106611,44.69380039280362,53.68318004215304,NaN,NaN,NaN,NaN,0.0006436361871208084,0.002598023488151885,0.0019543873010310765,36.57533316152763
2019-07-15,0.061563,0.065218,0.04988,0.061185,0.07496274999999998,0.1037710764135564,0.04615442358644355,44.33954422022207,52.78720435489426,NaN,NaN,NaN,NaN,-0.0007181603081448658,0.0010566869158499942,0.00177484722399486,34.654368974936176
2019-07-22,0.061424,0.063805,0.053744,0.05935,0.07566999999999999,0.10211930464114335,0.04922069535885661,43.6543900952341,52.160521901336026,NaN,NaN,NaN,NaN,-0.0016673471753966159,-0.00030933674525090993,0.001358010430145706,32.87061651595839
2019-07-29,0.059332,0.062279,0.05601,0.056348,0.07600239999999998,0.10127894077914953,0.05072585922085043,42.49742833461793,51.65090845047747,NaN,NaN,NaN,NaN,-0.0023788353695406456,-0.0016155337817801013,0.0007633015877605444,31.214274946907594
2019-08-05,0.056644,0.05818,0.047318,0.054842,0.07568499999999999,0.10184167428401412,0.04952832571598585,41.897528894549524,51.13876514679305,NaN,NaN,NaN,NaN,-0.002803148181486438,-0.0027406336390975033,0.00006251454238893482,29.023178852024422
2019-08-12,0.054765,0.054765,0.04448,0.050574,0.07473499999999998,0.10300521771405396,0.046464782285946,40.167036405866284,50.352060565139105,NaN,NaN,NaN,NaN,-0.003195097294376378,-0.0039313570755815375,-0.0007362597812051597,27.11609650079494
2019-08-19,0.050558,0.052676,0.04592,0.04942,0.07271709999999999,0.10214207244110868,0.04329212755889131,39.689699295862546,49.08598514377008,NaN,NaN,NaN,NaN,-0.003340204369360433,-0.004911515242905701,-0.0015713108735452678,25.345234317510418
2019-08-26,0.049504,0.051018,0.043279,0.04455,0.07071949999999999,0.10203671109869149,0.039402288901308494,37.65595249558854,47.69736790720701,NaN,NaN,NaN,NaN,-0.003552522321796094,-0.006011963775790385,-0.0024594414539942915,23.908889065474543
2019-09-02,0.044457,0.04772,0.043426,0.046643,0.0693539,0.10232585984408574,0.03638194015591426,39.100259335114536,46.15066698398871,NaN,NaN,NaN,NaN,-0.0033433773820867275,-0.006638663181602701,-0.0032952857995159736,22.575139902869804
2019-09-09,0.046615,0.04812,0.044407,0.046578,0.06833724999999999,0.10276936580995288,0.0339051341900471,39.06998765263946,45.181542210664496,NaN,NaN,NaN,NaN,-0.003011129675178156,-0.007059197893488668,-0.004048068218310512,21.297494291906567
2019-09-16,0.0467,0.055537,0.045749,0.048976,0.06751104999999999,0.10295398690130667,0.03206811309869331,40.88822846594119,44.01377348969985,NaN,NaN,NaN,NaN,-0.002455094632893955,-0.0071169365094279555,-0.004661841876534001,20.146055290327215
2019-09-23,0.048812,0.049292,0.035,0.037458,0.06585959999999999,0.10359762505378373,0.02812157494621626,35.42071307093991,42.35894835165446,NaN,NaN,NaN,NaN,-0.0026704332524019802,-0.007999883442036476,-0.005329450189634496,19.300505640217562
2019-09-30,0.037204,0.040268,0.036,0.038879,0.06346234999999997,0.10165738431743473,0.025267315682565218,36.54801084230185,41.22919152256295,NaN,NaN,NaN,NaN,-0.002526142323173313,-0.008487128093601137,-0.005960985770427824,18.51535239368717
2019-10-07,0.03866,0.043563,0.038256,0.041126,0.061210549999999975,0.09909598147160942,0.02332511852839053,38.37974552452912,40.28588035901505,NaN,NaN,NaN,NaN,-0.002105535549264295,-0.008592905207008193,-0.006487369657743898,17.449007051041935
2019-10-14,0.040966,0.041948,0.037405,0.039594,0.05836524999999998,0.09368251178443072,0.023047988215569234,37.58312661624677,39.777975089261005,NaN,NaN,NaN,NaN,-0.0017701562692892933,-0.008700064994355515,-0.006929908725066222,16.54133486807125
2019-10-21,0.0395,0.043539,0.03527,0.042219,0.05651934999999998,0.09115353471553805,0.021885165284461917,39.885536908759484,39.45983170987081,NaN,NaN,NaN,NaN,-0.0012364524947319263,-0.00847547434348113,-0.007239021848749203,15.911833943222225
2019-10-28,0.042799,0.0448,0.040247,0.041844,0.054005699999999976,0.08505224003331145,0.022959159966688496,39.660463011288044,39.17455120387467,NaN,NaN,NaN,NaN,-0.0007950552690291143,-0.008232840935035596,-0.0074377856660064814,15.176837811772767
2019-11-04,0.041504,0.046026,0.0411,0.043933,0.05139399999999998,0.07591706167671583,0.026870938323284136,41.63627029436301,39.11303991528503,NaN,NaN,NaN,NaN,-0.0002755939563910126,-0.007782278111495247,-0.007506684155104235,14.342984431172507
2019-11-11,0.043982,0.045752,0.04,0.045007,0.04954324999999999,0.06974778733075829,0.029338712669241693,42.67555137080794,39.168612949303494,NaN,NaN,NaN,NaN,0.00020141859880645763,-0.0072549109065961626,-0.00745632950540262,13.699764486008906
2019-11-18,0.044959,0.046124,0.034251,0.035114,0.04729114999999999,0.06285225759907546,0.031730042400924516,36.26887886835241,38.89017312519535,NaN,NaN,NaN,NaN,-0.00007352808397789734,-0.007548239610374992,-0.0074747115263970945,13.756217970119883
2019-11-25,0.034789,0.042059,0.03302,0.039632,0.04616359999999999,0.06046191004559641,0.031865289954403575,40.65086198382764,38.95882760290714,NaN,NaN,NaN,NaN,0.00011446884883437036,-0.0073316254653541316,-0.007446094314188502,13.941841575725572
2019-12-02,0.039566,0.039566,0.036288,0.038677,0.045038199999999994,0.0579012056301008,0.032175194369899185,40.024412670696755,39.12800332970058,NaN,NaN,NaN,NaN,0.00023323978959092183,-0.007154544577199849,-0.007387784366790771,14.114206352359426
2019-12-09,0.03873,0.038874,0.03576,0.036474,0.04389439999999999,0.0554670997956398,0.03232170020436018,38.5486348144368,39.088601578223596,NaN,NaN,NaN,NaN,0.0002222190055786652,-0.0071100106098174395,-0.007332229615396105,14.338379653966271
2019-12-16,0.036323,0.036366,0.030427,0.034462,0.042800099999999994,0.05356639063141075,0.03203380936858924,37.19957213173343,38.95500046958745,NaN,NaN,NaN,NaN,0.00014210770239896347,-0.0071545949873974,-0.007296702689796364,15.16438792046843
2019-12-23,0.034587,0.034851,0.031666,0.034274,0.041771699999999995,0.05163171992087247,0.03191168007912752,37.06903053778532,38.68220061757632,NaN,NaN,NaN,NaN,0.0001389708938054424,-0.007122989072539561,-0.007261959966345003,15.931395596506151
2019-12-30,0.03414,0.035454,0.03229,0.034487,0.04096735,0.05044096340302637,0.03149373659697363,37.337333997138906,38.81910211230481,NaN,NaN,NaN,NaN,0.00020951878427754624,-0.00700006148599807,-0.007209580270275616,16.522008599784453
2020-01-06,0.034395,0.038588,0.034395,0.03779,0.04038585,0.04911089636721213,0.03166080363278787,41.502325370917895,39.172981721491674,NaN,NaN,NaN,NaN,0.0005192716251266561,-0.006560490738867296,-0.007079762363993952,16.44622446476916
2020-01-13,0.037738,0.046,0.036677,0.042077,0.0402622,0.04881610235155869,0.031708297648441304,46.47501533562446,39.75121527942706,NaN,NaN,NaN,NaN,0.0010243287950675497,-0.005799351370159515,-0.006823680165227065,15.420493761569546
2020-01-20,0.0421,0.0468,0.041279,0.04453,0.040156550000000006,0.048440540547435386,0.031872559452564626,49.139202280848956,40.576649255470066,NaN,NaN,NaN,NaN,0.0015059467554278932,-0.004941246720942198,-0.006447193476370091,14.589429732305623
2020-01-27,0.044672,0.058469,0.043956,0.055797,0.0406175,0.051031544891395476,0.030203455108604525,59.18757942995472,41.95536657841259,NaN,NaN,NaN,NaN,0.0025066827956096256,-0.003313839981858059,-0.005820522777467685,15.290136748607544
2020-02-03,0.05565,0.062476,0.054036,0.062004,0.04126890000000001,0.054843089300285947,0.027694710699714076,63.46939325170348,43.65600445272798,NaN,NaN,NaN,NaN,0.0034517011383123596,-0.0015058963545772353,-0.004957597492889595,16.337227093730814
2020-02-10,0.061952,0.072271,0.056091,0.061897,0.042490850000000004,0.05863040012105353,0.026351299878946476,63.34601419775823,45.20670044582763,NaN,NaN,NaN,NaN,0.003901445430126896,-0.00008079070523097504,-0.003982236135357871,18.11991038692353
2020-02-17,0.061656,0.063893,0.05519,0.061802,0.043636999999999995,0.06172582112245026,0.025548178877549732,63.22849348024244,46.67476773935867,NaN,NaN,NaN,NaN,0.004009058831602697,0.0010290874041454998,-0.002979971427457197,19.615892201415388
2020-02-24,0.061439,0.061913,0.0451,0.045723,0.04386684999999999,0.06193902143870665,0.025794678561293336,47.25051586991912,47.45917038232772,NaN,NaN,NaN,NaN,0.0028673909523749186,0.0006042672630114515,-0.002263123689363467,19.415994283236532
2020-03-02,0.045471,0.052313,0.042546,0.042818,0.04402804999999999,0.06200214264997829,0.026053957350021695,45.03618578313826,47.772407796564195,NaN,NaN,NaN,NaN,0.0018367444248881752,0.00003280684174675197,-0.0018039375831414232,18.881715428286793
2020-03-09,0.04375,0.044012,0.01854,0.027022,0.04326819999999999,0.0627090110283497,0.023827388971650276,35.33847404744816,47.43769789490358,NaN,NaN,NaN,NaN,0.00010285230751218071,-0.0016753721987511974,-0.0017782245062633781,19.05702782338407
2020-03-16,0.026576,0.034183,0.021546,0.027165,0.04253424999999998,0.06320421235966595,0.021864287640334018,35.473935722245955,47.21807653117566,NaN,NaN,NaN,NaN,-0.0009639717091855368,-0.002983189142745299,-0.002019217433559762,19.21981790454583
2020-03-23,0.027,0.03151,0.026666,0.028166,0.04174589999999999,0.06332504229898872,0.02016675770101125,36.47712608883779,47.1664732423974,NaN,NaN,NaN,NaN,-0.0014998130437641468,-0.003893983738264946,-0.002394170694500799,19.370980122767463
2020-03-30,0.028047,0.033541,0.028044,0.032005,0.0410958,0.06302338386690158,0.019168216133098426,40.309949752269944,47.39796747200345,NaN,NaN,NaN,NaN,-0.0014902221246177955,-0.004256948350273043,-0.0027667262256552477,19.247416539850168
2020-04-06,0.032188,0.037336,0.032111,0.0335,0.0410151,0.0630418050091475,0.0189883949908525,41.78309502942945,47.71552183145277,NaN,NaN,NaN,NaN,-0.0012854596937709024,-0.004373550842868876,-0.0030880911490979734,18.64748835634151
2020-04-13,0.0335,0.03694,0.030593,0.0356,0.040813499999999996,0.06296062694233732,0.018666373057662663,43.878349860980535,47.885237866457246,NaN,NaN,NaN,NaN,-0.0009275620161959303,-0.004247543669342886,-0.003319981653146956,18.24495792019664
2020-04-20,0.0355,0.046196,0.03379,0.0459,0.04117465,0.06340604861794574,0.01894325138205426,52.84305506368078,48.3400978470327,NaN,NaN,NaN,NaN,0.000032975224415379267,-0.0032787626226277317,-0.003311737847043111,17.121920018320587
2020-04-27,0.0459,0.054487,0.044235,0.048973,0.041799600000000006,0.0641695902762607,0.01942960972373932,55.14515896805822,48.76909475326193,NaN,NaN,NaN,NaN,0.0008595969050871283,-0.0022372417156842003,-0.0030968386207713286,16.89425545577501
2020-05-04,0.049022,0.053685,0.042731,0.047705,0.042461750000000006,0.06470740956653112,0.020216090433468885,53.97429190315457,48.396717072776205,NaN,NaN,NaN,NaN,0.001279958358878148,-0.0014968906721736439,-0.002776849031051792,16.500884013684523
2020-05-11,0.04761,0.052388,0.045,0.051267,0.04331140000000001,0.06553931903350377,0.021083480966496253,56.752234188463326,47.91691999683048,NaN,NaN,NaN,NaN,0.0017289697632372155,-0.0006156368270052726,-0.002344606590242488,16.135610531743353
2020-05-18,0.051352,0.057506,0.049512,0.051478,0.044160950000000004,0.06627334715159797,0.022048552848402042,56.91811291076977,47.45778419061702,NaN,NaN,NaN,NaN,0.0019546068185198567,0.00009865193290733293,-0.0018559548856125238,16.309682901784477
2020-05-25,0.051289,0.087308,0.05097,0.074002,0.04597155000000001,0.07138463463351113,0.020558465366488886,70.10143991936798,47.94870893626884,NaN,NaN,NaN,NaN,0.003447917480444004,0.0024539419649424812,-0.0009939755155015228,18.43192567204152
2020-06-01,0.073825,0.09039,0.0725,0.086606,0.048198000000000005,0.07907185226368743,0.01732414773631257,74.75651940908773,49.913423474780885,NaN,NaN,NaN,NaN,0.005016569861164081,0.005276736810953579,0.00026016694978949774,20.54209110615
2020-06-08,0.086579,0.08743,0.073485,0.076279,0.04978545,0.08292353128105791,0.016647368718942096,65.72688175856092,51.391330330168216,NaN,NaN,NaN,NaN,0.005075376995277108,0.006604388193885882,0.0015290111986087747,22.50153043782216
2020-06-15,0.076403,0.084597,0.069052,0.078343,0.05091275000000001,0.08625292820484212,0.015572571795157891,66.59533915073806,53.623963551831785,NaN,NaN,NaN,NaN,0.004963956473784856,0.007733956790839845,0.002770000317054989,23.719347327935992
2020-06-22,0.078351,0.087,0.07413,0.080205,0.0518228,0.08914061676679386,0.014504983233206155,67.39793096621295,55.904248926400854,NaN,NaN,NaN,NaN,0.004727476374467154,0.008679345785138931,0.003951869410671777,24.989044510079687
2020-06-29,0.080206,0.102561,0.080206,0.098425,0.053649199999999994,0.09599694620024074,0.011301453799759255,73.98466904830738,58.58335913779154,NaN,NaN,NaN,NaN,0.00545816250194795,0.010774572538106715,0.005316410036158765,26.933623121410307
2020-07-06,0.098294,0.138627,0.0972,0.127061,0.05691215000000001,0.10997163627446366,0.0038526637255363524,80.61391359672103,61.46221369810947,NaN,NaN,NaN,NaN,0.007409030438968532,0.014577698084869431,0.007168667645900899,29.81035395738211
2020-07-13,0.127066,0.136,0.117531,0.124047,0.060828349999999996,0.12108065946038504,0.0005760405396149429,78.35086409837172,64.07419720303393,NaN,NaN,NaN,NaN,0.007985701235551507,0.017150794190340282,0.009165092954788776,32.48160401935593
2020-07-20,0.124185,0.155415,0.115411,0.148672,0.06612105,0.13680850949452422,-0.0045664094945242345,82.63906269917936,66.84281954861956,NaN,NaN,NaN,NaN,0.00941647723286998,0.02093568949587625,0.01151921226300627,35.34574421200425
2020-07-27,0.148745,0.151999,0.1305,0.134879,0.07151389999999999,0.1458117438500069,-0.002783943850006923,73.8190364689562,68.34110393471066,NaN,NaN,NaN,NaN,0.008834377116299141,0.022562183658380197,0.013727806542081056,38.00530296232055
2020-08-03,0.134922,0.15276,0.1332,0.145336,0.07742245,0.15537821471172608,-0.0005333147117260739,75.91757863551531,69.82484819667187,NaN,NaN,NaN,NaN,0.00854860291253804,0.024413560182753605,0.015864957270215564,40.48937040276392
2020-08-10,0.145276,0.146513,0.123484,0.138938,0.08296105,0.16186599215820713,0.004056107841792875,72.10916299613956,71.12019613188508,NaN,NaN,NaN,NaN,0.007368410087230819,0.02507546987925409,0.01770705979202327,41.65743365131381
2020-08-17,0.139,0.144959,0.118321,0.121538,0.0874377,0.16440626971543645,0.010469130284563533,62.871807939243155,71.55730854265508,NaN,NaN,NaN,NaN,0.004970564621398603,0.023920265568771526,0.018949700947372923,42.18026641587406
2020-08-24,0.121039,0.12724,0.10233,0.117619,0.09164365,0.16549300842720643,0.017794291572793552,60.97713227549535,71.84723849727833,NaN,NaN,NaN,NaN,0.0027842140956196373,0.022429968566897468,0.01964575447127783,41.140910843322956
2020-08-31,0.11777,0.128316,0.08563,0.09262,0.09449465,0.16372778835808688,0.025261511641913134,50.51876859060836,70.44847625950977,NaN,NaN,NaN,NaN,-0.0005065855321264093,0.01901252255611982,0.01951910808824623,38.91050746684089
2020-09-07,0.09262,0.0999,0.08592,0.095081,0.0969537,0.16250383729077922,0.03140356270922079,51.40242814072296,68.780326883198,NaN,NaN,NaN,NaN,-0.002563535646643196,0.016314688529942237,0.018878224176585433,36.8394186172504
2020-09-14,0.09505,0.097633,0.08753,0.089416,0.09897585,0.16087413758624908,0.037077562413750945,49.22327397092757,67.60149775550991,NaN,NaN,NaN,NaN,-0.004252043585846993,0.013563169694276692,0.017815213280123685,34.9162646854878
2020-09-21,0.089193,0.102722,0.07554,0.101343,0.10165774999999999,0.15891164352306097,0.044403856476939,53.6760036387105,66.67868807607938,NaN,NaN,NaN,NaN,-0.004488733121863077,0.01220429687779484,0.016693029999657917,32.58299370755323
2020-09-28,0.101422,0.106671,0.089734,0.096881,0.10393844999999999,0.15641625373253068,0.05146064626746929,51.844338817821324,65.56771720833711,NaN,NaN,NaN,NaN,-0.004838720314114258,0.010644629607015094,0.015483349921129352,30.370785902407153
2020-10-05,0.096883,0.111425,0.089329,0.10661,0.10669504999999999,0.15332692947520463,0.06006317052479535,55.41674570223326,64.24143696933183,NaN,NaN,NaN,NaN,-0.004324708485804201,0.010077464313874102,0.014402172799678302,28.644699648076156
2020-10-12,0.106465,0.114066,0.1022,0.107476,0.10836874999999999,0.15252395319905696,0.06421354680094302,55.73155115353238,62.464125366246925,NaN,NaN,NaN,NaN,-0.0038518632282314464,0.009587343764388995,0.013439206992620441,27.223950817376156
2020-10-19,0.107559,0.112857,0.100336,0.106595,0.1093682,0.15239833070675016,0.06633806929324984,55.30372477301241,60.81790112872125,NaN,NaN,NaN,NaN,-0.0035323179926500144,0.009023809501807922,0.012556127494457937,25.74749111054685
2020-10-26,0.106439,0.107572,0.089562,0.098273,0.1104679,0.15111757957512098,0.06981822042487901,51.297809697042766,58.579240199997216,NaN,NaN,NaN,NaN,-0.003792425699457971,0.007815595370135472,0.011608021069593443,24.291703955738267
2020-11-02,0.098384,0.113913,0.0881,0.106518,0.11187665,0.14983948241948633,0.07391381758051366,54.79172911245554,57.22014681739002,NaN,NaN,NaN,NaN,-0.003336302423248342,0.007437643040533015,0.010773945463781357,22.67157002599181
2020-11-09,0.106646,0.109169,0.098558,0.100516,0.1128922,0.14842029408116347,0.07736410591883652,51.87425966395954,55.50276689085032,NaN,NaN,NaN,NaN,-0.0033567763267532223,0.00657797505533983,0.009934751382093052,21.1671599483701
2020-11-16,0.1005,0.153669,0.09955,0.146129,0.1152774,0.15294125206746673,0.07761354793253328,66.48114956295726,55.100765931337314,NaN,NaN,NaN,NaN,-0.00037329934322477207,0.009468127203062088,0.00984142654628686,22.23121254176519
2020-11-23,0.146133,0.18346,0.123,0.167087,0.1172787,0.16100079087452265,0.07355660912547735,70.85785859963784,55.671198121365514,NaN,NaN,NaN,NaN,0.002764023389947537,0.013296455783721281,0.010532432393773744,24.139820322154776
2020-11-30,0.166886,0.174304,0.143445,0.158762,0.11901445,0.1662858026037708,0.0717430973962292,67.10933225714919,56.109212405769355,NaN,NaN,NaN,NaN,0.003958237598673442,0.015480229392115546,0.011521991793442104,25.912098975373677
2020-12-07,0.158762,0.159047,0.130001,0.153765,0.11926909999999999,0.16722665916599613,0.07131154083400384,64.89030740588157,57.135750892574585,NaN,NaN,NaN,NaN,0.004075309907405917,0.0166161291776995,0.012540819270293584,26.542460090693805
2020-12-14,0.153988,0.17649,0.149402,0.162371,0.12064369999999998,0.1717826317608419,0.06950476823915806,66.91908058807685,58.244083210242714,NaN,NaN,NaN,NaN,0.004369936642334496,0.018003240073211704,0.013633303430877208,27.676252466488332
2020-12-21,0.162057,0.1745,0.125675,0.15406,0.12107989999999999,0.17319340252247523,0.06896639747752475,63.12551146074437,59.23710017380106,NaN,NaN,NaN,NaN,0.003670842843150812,0.018221856984815724,0.014551014141664912,27.233570984002686
2020-12-28,0.154378,0.21,0.15,0.206796,0.12447279999999998,0.1883119547268605,0.06063364527313947,73.42148360023101,60.64749159962395,NaN,NaN,NaN,NaN,0.006273062246604615,0.02239234194992068,0.016119279703316065,27.896639039772303
2021-01-04,0.206551,0.356369,0.19,0.30154,0.13347289999999998,0.23357418135623453,0.03337161864376541,82.7436870343789,62.854587900806635,NaN,NaN,NaN,NaN,0.013474623011196347,0.0329625584673115,0.01948793545611515,30.59625612606168
2021-01-11,0.302257,0.397681,0.229,0.381833,0.14668359999999997,0.2936817454868056,-0.000314545486805623,86.92811949179865,65.10540031434702,NaN,NaN,NaN,NaN,0.02222850367029779,0.04727356504398739,0.025045061373689597,33.40340814843731
2021-01-18,0.382814,0.396918,0.278,0.353761,0.15974064999999998,0.3297940060589441,-0.010312706058944132,79.65559498893528,66.81426058830438,NaN,NaN,NaN,NaN,0.024530191080762258,0.05570780022464242,0.03117760914388016,36.01004931207182
2021-01-25,0.354089,0.377,0.304203,0.345201,0.17224665,0.3575449985617452,-0.013051698561745206,77.52571190489276,68.40154538343869,NaN,NaN,NaN,NaN,0.023856411494311384,0.06099812351176939,0.03714171201745801,38.430501821161016
2021-02-01,0.345201,0.709874,0.333,0.66356,0.20095384999999996,0.4801395282037898,-0.0782318282037899,89.1478149228831,71.10511718528441,NaN,NaN,NaN,NaN,0.04216182072801397,0.08984398792747547,0.0476821671994615,41.86558171920758
2021-02-08,0.66356,0.982,0.631348,0.845862,0.2381798,0.6300961145369685,-0.15373651453696846,91.77180568176063,73.74655122594906,NaN,NaN,NaN,NaN,0.0626244828219765,0.12596277072693213,0.06333828790495563,45.370257341303386
2021-02-15,0.845208,1.198711,0.686233,1.10084,0.28837775,0.8253717116233595,-0.24861621162335956,93.96848804369756,76.75328182450178,NaN,NaN,NaN,NaN,0.0878618613275364,0.17316561456437612,0.08530375323683972,48.76652627687898
2021-02-22,1.101587,1.485075,0.156,1.315604,0.34882745000000004,1.0403306681048692,-0.342675768104869,95.14434393175632,78.80065285084459,NaN,NaN,NaN,NaN,0.1120023360068487,0.2253066732454006,0.1133043372385519,46.87666493268899
2021-03-01,1.316434,1.354081,1.033334,1.132198,0.40006354999999993,1.1608262778689395,-0.3606991778689398,80.67910206763257,79.50217024141564,NaN,NaN,NaN,NaN,0.10852425386371284,0.24895965456819297,0.14043540070448013,45.12179368451257
2021-03-08,1.130669,1.221,0.983713,1.05333,0.4474003,1.2461014390273837,-0.35130083902738374,75.37237335479992,80.09238746267638,NaN,NaN,NaN,NaN,0.09434174439124413,0.2583625811935353,0.16402083680229115,43.15848370723752
2021-03-15,1.053001,1.475999,1,1.187002,0.50183675,1.3451008614957698,-0.3414273614957697,78.01218101657346,81.02966414915439,NaN,NaN,NaN,NaN,0.08754216017896682,0.2734485370259997,0.18590637684703287,42.36225919010997
2021-03-22,1.187003,1.289712,1.031457,1.189723,0.555997,1.4293486741748425,-0.31735467417484253,78.06372587696302,81.82571024121769,NaN,NaN,NaN,NaN,0.07716998274334136,0.2823688552762096,0.20519887253286823,41.62290785277723
2021-03-29,1.189941,1.243427,1.151841,1.181986,0.6100705000000001,1.497723151957397,-0.2775821519573969,77.50734166874304,82.85298382750331,NaN,NaN,NaN,NaN,0.06425900863957995,0.2855226333323432,0.22126362469276323,40.93636732525398
2021-04-05,1.183842,1.342316,1.160652,1.2625,0.66588905,1.5700731550583615,-0.23829505505836157,79.17104714453507,83.26366693781074,NaN,NaN,NaN,NaN,0.05591909393641009,0.29116249211327583,0.23524339817686574,40.67741352529801
2021-04-12,1.2625,1.558393,1.02,1.280366,0.721553,1.6330960225289424,-0.18999002252894248,79.5328186090855,83.03431919314691,NaN,NaN,NaN,NaN,0.04675592288999045,0.2936883017893538,0.24693237889936334,41.13098996202029
2021-04-19,1.279499,1.325,0.92607,1.092,0.7682149,1.6549509398113749,-0.11852113981137469,66.4318580348419,81.57030051765001,NaN,NaN,NaN,NaN,0.024289288633961625,0.2772939896918154,0.2530047010578538,40.84169672292574
2021-04-26,1.091881,1.41,1.081874,1.327791,0.8269162,1.6984853482778863,-0.04465294827788635,72.53146274429503,81.06143392874712,NaN,NaN,NaN,NaN,0.021675388091009107,0.2800989361716152,0.2584235480806061,40.85103972480583
2021-05-03,1.327791,1.833,1.25766,1.769101,0.9072527000000001,1.8144656530614296,0.000039746938570561774,79.89491566785657,81.23066276895884,NaN,NaN,NaN,NaN,0.04470816126997751,0.314308749668078,0.26960058839810047,41.909368997480286
2021-05-10,1.769647,2.465208,1.5,2.3062,1.0148597000000001,2.041830555173232,-0.01211115517323158,85.12223413643504,80.94312128421255,NaN,NaN,NaN,NaN,0.08861948790567992,0.38037494828020035,0.29175546037452044,43.79798239308803
2021-05-17,2.307184,2.331235,0.95,1.313675,1.07020365,2.034403864799867,0.106003435200133,56.096614190215654,78.39489332053076,NaN,NaN,NaN,NaN,0.04549617112274995,0.3486256742779579,0.3031295031552079,43.00999507160786
2021-05-24,1.314943,1.8318,1.255655,1.575845,1.1339188999999998,2.0539240062301563,0.21391379376984332,59.97862482518014,75.96704594777951,NaN,NaN,NaN,NaN,0.030049830236710318,0.3406917909510958,0.3106419607143855,42.27829255880485
2021-05-31,1.575172,1.889793,1.525668,1.677341,1.1986943,2.0793536332650486,0.3180349667349517,61.401540914582554,73.5568457322671,NaN,NaN,NaN,NaN,0.022438275406026054,0.33868980497191803,0.316251529565892,41.71985817759228
2021-06-07,1.676311,1.75,1.358036,1.558992,1.25895585,2.061586196964597,0.45632550303540276,58.77733723870627,71.99243395877237,NaN,NaN,NaN,NaN,0.006055287301090839,0.3238206386922555,0.3177653513911647,40.50279518954598
2021-06-14,1.559213,1.610926,1.3,1.425618,1.3129766999999999,1.9993498741541489,0.6266035258458509,55.87894134453436,70.60004595803913,NaN,NaN,NaN,NaN,-0.01593930356465717,0.29784122193534324,0.3137805255000004,39.13754574539487
2021-06-21,1.427186,1.435508,1.000004,1.336381,1.34661775,1.9649561649654217,0.7282793350345785,53.96163560695609,68.88214985735218,NaN,NaN,NaN,NaN,-0.037445096403616984,0.26697415499547916,0.30441925139909615,36.758796993262195
2021-06-28,1.337807,1.494922,1.2855,1.461191,1.3773842,1.9527364741165099,0.8020319258834901,56.22402885859069,67.322171498897,NaN,NaN,NaN,NaN,-0.04377182647547373,0.249704468304754,0.29347629478022774,34.72888671811019
2021-07-05,1.461225,1.461225,1.286019,1.348367,1.3897605499999999,1.951267988812873,0.8282531111871269,53.65710920624186,65.61858346586122,NaN,NaN,NaN,NaN,-0.05531843830440952,0.22432824689971587,0.2796466852041254,32.843970034040474
2021-07-12,1.348846,1.373333,1.1511,1.181105,1.3830356,1.9511177181482138,0.8149534818517861,50.01173035944985,63.53577512406941,NaN,NaN,NaN,NaN,-0.07287950249306469,0.18854730708779455,0.26142680958085923,30.5870224491215
2021-07-19,1.180694,1.248837,1.022,1.229793,1.3879153499999999,1.948927652624203,0.8269030473757968,51.054145347356986,61.501584176803085,NaN,NaN,NaN,NaN,-0.079342197268821,0.162249062994833,0.241591260263654,28.77027090225086
2021-07-26,1.229215,1.399621,1.21557,1.316158,1.40105675,1.9420598648604885,0.8600536351395113,52.92924450150912,60.53711178156503,NaN,NaN,NaN,NaN,-0.07592456893196567,0.1466855490986969,0.22261011803066258,26.900347218906024
2021-08-02,1.314904,1.495,1.263,1.428184,1.41311585,1.9451740921657512,0.881057607834249,55.32027203543223,59.307741016646254,NaN,NaN,NaN,NaN,-0.06468263068479135,0.1417568296746734,0.20643946035946475,25.496365844529123
2021-08-09,1.426401,2.25,1.394959,2.170323,1.46214585,2.07709452263253,0.84719717736747,67.20505839038384,58.40132263968392,NaN,NaN,NaN,NaN,-0.008766123146819238,0.1954818064259407,0.20424792957275995,26.10994896514563
2021-08-16,2.169851,2.720057,1.872856,2.71,1.53854655,2.345109436422745,0.7319836635772548,72.85887850212421,57.52536866580458,NaN,NaN,NaN,NaN,0.05931963112560973,0.2783974684797721,0.21907783735416236,27.444763148487862
2021-08-23,2.710001,2.969999,2.46916,2.853309,1.6180869999999998,2.595694629595026,0.640479370404974,74.13410372833508,58.81376077567025,NaN,NaN,NaN,NaN,0.1060331845378315,0.35161931802645174,0.24558613348862024,29.019904038898048
2021-08-30,2.853464,3.09778,2.705,2.913545,1.69974595,2.8141404637008667,0.5853514362991334,74.67276314974904,59.863342084568025,NaN,NaN,NaN,NaN,0.13135905897666084,0.4097849572094463,0.27842589823278546,30.644042045762365
2021-09-06,2.913366,2.928,2.02,2.581235,1.7742077000000003,2.914922600586486,0.6334927994135142,66.45107990229566,60.22402344083325,NaN,NaN,NaN,NaN,0.11660116386847552,0.4241773530683799,0.30757618919990437,29.925839014903932
2021-09-13,2.580417,2.593428,2.262794,2.281607,1.8218985,2.9637242619802597,0.6800727380197402,60.03290501658835,60.31370685353911,NaN,NaN,NaN,NaN,0.0793131030581608,0.4067175680226054,0.3274044649644446,29.258936200535384
2021-09-20,2.282399,2.457998,1.913,2.20698,1.84379245,2.9974599617479,0.6901249382521,58.51693930801118,60.50213527950175,NaN,NaN,NaN,NaN,0.044036540202247676,0.3824501402172542,0.33841360001500653,27.705583580445136
2021-09-27,2.207626,2.3194,2.021986,2.2541,1.84118745,2.990895192089524,0.691479707910476,59.21721789826014,60.8775340145949,NaN,NaN,NaN,NaN,0.019539241945636943,0.3628376524470527,0.34329841050141574,26.263184718932763
2021-10-04,2.252512,2.373366,2.113848,2.19029,1.8850182,3.017654061493287,0.7523823385067128,57.79438515491314,60.989702321475065,NaN,NaN,NaN,NaN,-0.004041460566780508,0.3382465847929401,0.3422880453597206,25.049560516826265
2021-10-11,2.188901,2.248,2.072251,2.155257,1.9139888000000003,3.043145565187473,0.7848320348125277,56.98484482586649,61.22739772287683,NaN,NaN,NaN,NaN,-0.02396582701536798,0.31233076159051065,0.33629658860587863,23.801218306371787
2021-10-18,2.158061,2.295,1.8,2.119059,1.9360747,3.0631302326114342,0.809019167388566,56.110289516559234,61.66300909124178,NaN,NaN,NaN,NaN,-0.040573729252249335,0.28557942704056694,0.32615315629281627,22.31939440733743
2021-10-25,2.120099,2.2,1.85,1.9646,1.9563551000000001,3.0700576909611415,0.8426525090388588,52.41382062830401,61.760128754166566,NaN,NaN,NaN,NaN,-0.06168698729786015,0.24904442217049105,0.3107314094683512,20.943415072519816
2021-11-01,1.965735,2.143187,1.9,2.019642,1.9860563000000007,3.072918521473741,0.8991940785262604,53.58722513127837,61.807127370578655,NaN,NaN,NaN,NaN,-0.0710068616968701,0.22197283234726362,0.2929796940441337,19.66571997590346
2021-11-08,2.020758,2.375,1.94127,2.039097,2.0211921000000004,3.066409041493754,0.9759751585062468,54.018812581821265,61.714165981035016,NaN,NaN,NaN,NaN,-0.07455554868690167,0.19978525818550663,0.2743408068724083,18.742674050969775
2021-11-15,2.038806,2.094237,1.703113,1.839595,2.0401123000000005,3.057423370351066,1.0228012296489353,48.988172841148035,60.41295987037531,NaN,NaN,NaN,NaN,-0.08810433621955027,0.1642103865979705,0.25231472281752076,17.648002918480714
2021-11-22,1.83738,1.838082,1.420348,1.595916,2.0524897500000003,3.041463342851269,1.0635161571487317,43.64205081091428,58.32604360671746,NaN,NaN,NaN,NaN,-0.1098292085379522,0.11502821214508052,0.22485742068303272,17.380050611291892
2021-11-29,1.595916,1.76,1.205499,1.379991,2.0624340500000007,3.0196497248564986,1.1052183751435027,39.525834562338,55.85402438057481,NaN,NaN,NaN,NaN,-0.13351832027338179,0.05795952034130547,0.19147784061468726,17.632747842046324
2021-12-06,1.379995,1.479298,1.187865,1.347947,2.068341750000001,3.0061916152813972,1.1304918847186047,38.938879356521255,53.30160410962997,NaN,NaN,NaN,NaN,-0.14515758573985252,0.010030858439871615,0.15518844417972413,17.907817624491845
2021-12-13,1.347686,1.357089,1.182921,1.243764,2.0647220500000008,3.0146376121960214,1.11480648780398,37.01433181652178,51.19897924636041,NaN,NaN,NaN,NaN,-0.1529069904304092,-0.035945293858287375,0.11696169657212183,18.175330992839104
2021-12-20,1.243764,1.490764,1.200778,1.456692,2.0661474500000008,3.012316260922545,1.1199786390774564,43.19393387454548,49.99619559335735,NaN,NaN,NaN,NaN,-0.13722627999460782,-0.05457115342113794,0.08265512657346988,17.910455616170136
2021-12-27,1.458515,1.5925,1.280544,1.377903,2.026526450000001,3.0172442199759804,1.0358086800240212,41.56874738617717,48.78561045608349,NaN,NaN,NaN,NaN,-0.12598596705232307,-0.07482733224193394,0.05115863481038911,17.286937233808413
2022-01-03,1.375361,1.375361,1.126936,1.169579,1.9495054000000007,2.955108352897491,0.9439024471025106,37.5461693383704,47.23767841609136,NaN,NaN,NaN,NaN,-0.1260975185917187,-0.10646326342925927,0.01963425516245943,17.16102534042077
2022-01-10,1.170031,1.422126,1.071516,1.410434,1.8773616500000005,2.8181941651720184,0.9365291348279825,44.2618651612582,46.27106984511601,NaN,NaN,NaN,NaN,-0.10436539498231481,-0.11082248856543409,-0.006457093583119272,17.203522702512803
2022-01-17,1.412708,1.63794,0.92,1.12452,1.7879104000000006,2.654962094035688,0.9208587059643134,38.91268123806717,44.98020101741606,NaN,NaN,NaN,NaN,-0.10346060990764425,-0.1357828559676746,-0.03232224606003034,16.404017900296854
2022-01-24,1.124491,1.156828,0.951852,1.035647,1.7106310000000007,2.5563244893184365,0.8649375106815648,37.399661499683226,43.643727587639205,NaN,NaN,NaN,NaN,-0.10284692350844098,-0.16088090044558156,-0.05803397693714059,15.661620583953475
2022-01-31,1.036099,1.178393,1.009777,1.14332,1.6537166500000005,2.491216584663226,0.8162167153367748,40.4221186263915,42.78717744464546,NaN,NaN,NaN,NaN,-0.08967034707944131,-0.17012191078644223,-0.08045156370700092,14.885723324271364
2022-02-07,1.14332,1.267468,1.03101,1.042752,1.5955052500000007,2.4329342714820266,0.7580762285179746,38.549949972406914,41.71308636186892,NaN,NaN,NaN,NaN,-0.08239540974467195,-0.18344582588784086,-0.10105041614316891,13.84176462910972
2022-02-14,1.042727,1.118698,0.918745,0.931022,1.5293513500000007,2.357204115315249,0.7014985846847522,36.52589884725651,40.463592523685726,NaN,NaN,NaN,NaN,-0.079725406654617,-0.20070717446144015,-0.12098176780682315,13.275021984570595
2022-02-21,0.931385,0.991599,0.745956,0.857266,1.4627001500000008,2.2815667050127844,0.6438335949872172,35.21159552990082,39.47955128716807,NaN,NaN,NaN,NaN,-0.07747653081632949,-0.21782743132723503,-0.14035090051090554,13.371502179202752
2022-02-28,0.855537,1.01045,0.81945,0.823053,1.3960899500000006,2.1952754460812214,0.5969044539187799,34.58983708365429,38.83296459236379,NaN,NaN,NaN,NaN,-0.0729093726024303,-0.23148761626394343,-0.15857824366151313,13.372918095041117
2022-03-07,0.823019,0.862546,0.778174,0.789284,1.3296012000000004,2.097794069258651,0.5614083307413495,33.952571610707594,38.43487438153304,NaN,NaN,NaN,NaN,-0.06693406763758883,-0.24224582820849916,-0.17531176057091033,13.527437267716236
2022-03-14,0.7868,0.91522,0.777973,0.877294,1.2752359000000004,2.009108917924463,0.5413628820755377,37.19993201324081,38.31066385701301,NaN,NaN,NaN,NaN,-0.05246519136800576,-0.24089324978091753,-0.18842805841291177,13.399290351338285
2022-03-21,0.877779,1.188999,0.862819,1.185026,1.2335051000000004,1.8834306685316249,0.5835795314683758,47.01041555466178,39.024669838308725,NaN,NaN,NaN,NaN,-0.01928946804207704,-0.21253989346550806,-0.19325042542343102,12.845726968872247
2022-03-28,1.184009,1.246748,1.105841,1.186058,1.1908531500000001,1.7254381038347546,0.6562681961652456,47.040294659421825,39.299409894371315,NaN,NaN,NaN,NaN,0.004343305476536885,-0.1878212935777599,-0.19216459905429678,12.561741552371334
2022-04-04,1.184544,1.244017,1.019003,1.026941,1.1502204500000002,1.5978556235784258,0.7025852764215746,43.013127499226606,39.402579902446284,NaN,NaN,NaN,NaN,0.01052563957995728,-0.17900754957935017,-0.18953318915930745,11.89071067318327
2022-04-11,1.027296,1.032699,0.91213,0.914752,1.11616225,1.524937956478196,0.7073865435218039,40.38771649850119,39.605547556741335,NaN,NaN,NaN,NaN,0.008417133425515783,-0.17901177237741273,-0.1874289058029285,11.2935185226383
2022-04-18,0.915297,0.974677,0.875378,0.885554,1.0914404000000002,1.493146523758845,0.6897342762411554,39.70840920322543,39.280300702596136,NaN,NaN,NaN,NaN,0.006499727982674591,-0.17930424582458526,-0.18580397380725985,10.900755171478915
2022-04-25,0.885181,0.902598,0.736588,0.790101,1.0635481,1.4675998886335337,0.6594963113664662,37.488495207538136,39.17857312898691,NaN,NaN,NaN,NaN,0.000559560814232779,-0.18510452278946887,-0.18566408360370165,11.12251505597368
2022-05-02,0.7901,0.904511,0.722908,0.741324,1.0384261000000001,1.4567603065425176,0.6200918934574826,36.369567611052126,39.10499499408469,NaN,NaN,NaN,NaN,-0.004613124167269167,-0.19143048881278812,-0.18681736464551896,11.384740931578879
2022-05-09,0.741138,0.753289,0.385585,0.597435,0.99546325,1.4096197903061376,0.5813067096938624,33.21966969681043,38.59053435625747,NaN,NaN,NaN,NaN,-0.015092916886320529,-0.20568351075341962,-0.1905905938670991,12.819703099985121
2022-05-16,0.594718,0.612773,0.491489,0.541126,0.9536244000000001,1.3738102127930532,0.5334385872069473,32.04984917748426,38.126241442334425,NaN,NaN,NaN,NaN,-0.022726183060418126,-0.21899832269262176,-0.19627213963220363,14.152167970648064
2022-05-23,0.540865,0.55838,0.444958,0.481271,0.9192090000000002,1.3743075687628539,0.4641104312371464,30.80792886162679,37.717815014789444,NaN,NaN,NaN,NaN,-0.028349652983970186,-0.23170920586216637,-0.20335955287819618,15.538097236809504
2022-05-30,0.481521,0.687186,0.477323,0.566993,0.8770369500000001,1.2972173899200303,0.4568565100799701,34.70996414281616,37.68198420142625,NaN,NaN,NaN,NaN,-0.023063631328888057,-0.23218909203930627,-0.2091254607104182,16.033105281669986
2022-06-06,0.565871,0.668602,0.489,0.489607,0.8452913000000002,1.2815151853382987,0.4090674146617018,32.90585491829046,37.56169976104312,NaN,NaN,NaN,NaN,-0.021573458523067718,-0.23609228386425285,-0.21451882534118513,16.492755609040437
2022-06-13,0.489653,0.545512,0.419416,0.484406,0.8177292500000004,1.2716600742293638,0.3637984257706371,32.78252733188984,37.478125169699,NaN,NaN,NaN,NaN,-0.017884719220512962,-0.23687472436682633,-0.21899000514631337,17.19336922869439
2022-06-20,0.484424,0.525004,0.455777,0.490221,0.7850743000000004,1.2345609779049622,0.3355876220950386,33.084495634647155,37.18416542837088,NaN,NaN,NaN,NaN,-0.012267552563283102,-0.23432444585041723,-0.22205689328713413,17.843939018373064
2022-06-27,0.48962,0.507837,0.435,0.455416,0.7557075000000005,1.2107283757643972,0.30068662423560394,32.15342418192873,36.122951758889954,NaN,NaN,NaN,NaN,-0.00830045942859986,-0.23243246757288394,-0.22413200814428408,18.536648239953173
2022-07-04,0.454572,0.492382,0.444405,0.461915,0.7322521500000005,1.1969662077130292,0.2675380922869718,32.535214769332455,35.08687462388357,NaN,NaN,NaN,NaN,-0.002920718775670267,-0.2277829066138719,-0.22486218783820164,19.179878231420417
2022-07-11,0.461726,0.465301,0.4043,0.446914,0.7117345500000005,1.188634064811862,0.23483503518813886,32.08639032384531,34.306393397070615,NaN,NaN,NaN,NaN,0.0016970042163498844,-0.22274093256776428,-0.22443793678411417,19.965105666122707
2022-07-18,0.447617,0.548418,0.446,0.512422,0.6962029999999999,1.1777992729315918,0.2146067270684081,36.22390512900665,34.008978299249584,NaN,NaN,NaN,NaN,0.010729069111998779,-0.2110266003941157,-0.22175566950611447,19.997153683751765
2022-07-25,0.512354,0.563682,0.451098,0.516832,0.6825804,1.168270265855321,0.19689053414467905,36.50435524022914,33.7801173018927,NaN,NaN,NaN,NaN,0.018130896883513076,-0.19909204840172312,-0.2172229452852362,19.901247055807183
2022-08-01,0.515552,0.5375,0.489156,0.527479,0.6650896499999999,1.1466491500658902,0.1835301499341096,37.222112737017845,33.76108998256983,NaN,NaN,NaN,NaN,0.02447961435356799,-0.1866234273432762,-0.21110304169684418,19.812190901287217
2022-08-08,0.527852,0.594647,0.5025,0.569589,0.6343177999999999,1.0536854648405785,0.21495013515942135,40.10588286034149,34.027969643233355,NaN,NaN,NaN,NaN,0.03178755359213309,-0.17136859970667784,-0.20315615329881093,19.223897770702745
2022-08-15,0.56992,0.582221,0.435196,0.462776,0.5981536999999999,0.9382121331682425,0.2580952668317574,35.63444228586306,34.20045339959425,NaN,NaN,NaN,NaN,0.029737251987988544,-0.16598458831382523,-0.19572184030181378,19.12189574566034
2022-08-22,0.4627,0.482062,0.426,0.428997,0.5682564999999998,0.852888641193156,0.2836243588068437,34.33088031863515,34.36338419539074,NaN,NaN,NaN,NaN,0.02652194856768947,-0.16256940459220193,-0.1890913531598914,19.087330448603975
2022-08-29,0.428997,0.51,0.424251,0.503954,0.5477165999999999,0.7846618295982357,0.31077137040176406,39.61017134600503,34.99211580141777,NaN,NaN,NaN,NaN,0.02962382470444261,-0.15206157227933814,-0.18168539698378075,18.780422110995723
2022-09-05,0.504,0.524,0.454,0.510084,0.5289430999999999,0.7083579415520878,0.349528258447912,40.034739189184606,35.372456876158374,NaN,NaN,NaN,NaN,0.03206268409439145,-0.14160704186579143,-0.17366972596018287,18.354409221472515
2022-09-12,0.50999,0.524081,0.44,0.447483,0.5118121999999998,0.6485684585838065,0.37505594141619314,37.161437150531114,35.676427035604135,NaN,NaN,NaN,NaN,0.029498799198449943,-0.13679622696212046,-0.1662950261605704,18.072077356364282
2022-09-19,0.447483,0.481846,0.428,0.446605,0.49707624999999983,0.5873477509886916,0.40680474901130803,37.12119657598367,35.98633198161083,NaN,NaN,NaN,NaN,0.02780547811968992,-0.131538178510958,-0.15934365663064792,17.910856214821838
2022-09-26,0.446349,0.463213,0.4165,0.419284,0.4881686999999998,0.571998988049376,0.4043384119506236,35.82132607097802,36.18181986992018,NaN,NaN,NaN,NaN,0.024995671471509162,-0.12809906729126147,-0.15309473876277063,17.86189386063361
2022-10-03,0.419606,0.437594,0.416121,0.423212,0.48227299999999973,0.5669574704228688,0.3975885295771307,36.16740899127475,36.46853307058775,NaN,NaN,NaN,NaN,0.023570635991068567,-0.12363144377393492,-0.1472020797650035,17.81994235907554
2022-10-10,0.422985,0.426514,0.35,0.370406,0.47672974999999973,0.5744599571293805,0.378999542870619,33.54828405992578,36.54089516277299,NaN,NaN,NaN,NaN,0.019413897379431555,-0.12293470804071405,-0.1423486054201456,18.37446391577657
2022-10-17,0.370366,0.3755,0.330118,0.36215,0.46648759999999967,0.5671245703486837,0.36585062965131565,33.14415795632266,36.616449993664226,NaN,NaN,NaN,NaN,0.01656171199767309,-0.12164646542305424,-0.13820817742072733,19.056809625801428
2022-10-24,0.362152,0.439561,0.353693,0.40574,0.4622942499999998,0.5656800126269275,0.3589084873730721,37.42980100935359,36.70258541368901,NaN,NaN,NaN,NaN,0.0179476546842893,-0.11577360906536571,-0.133721263749655,18.790084025917153
2022-10-31,0.405757,0.437477,0.380219,0.402212,0.4581845499999998,0.5642281581666011,0.35214094183339856,37.221830978293085,36.753833680693575,NaN,NaN,NaN,NaN,0.01886945351296035,-0.11013444685845458,-0.12900390037141493,18.54241025459604
2022-11-07,0.402214,0.4194,0.3101,0.330267,0.4501868499999998,0.5687478347534664,0.3316258652465333,33.17387179947474,36.46467361372621,NaN,NaN,NaN,NaN,0.015042793338765736,-0.11020040869795777,-0.1252432020367235,18.984839999368578
2022-11-14,0.329282,0.344814,0.31,0.312105,0.44302129999999973,0.5759091374285694,0.3101334625714301,32.22123295929596,35.901484335080106,NaN,NaN,NaN,NaN,0.011838510748342385,-0.11044506360129552,-0.12228357434963791,19.3965853775669
2022-11-21,0.311745,0.32232,0.295491,0.31234,0.43554254999999975,0.5796937781744133,0.29139132182558625,32.248343670669556,35.65962014828057,NaN,NaN,NaN,NaN,0.010339367358758955,-0.10935936515118921,-0.11969873250994817,19.91857119996836
2022-11-28,0.31234,0.32633,0.299713,0.323019,0.42934779999999967,0.5814416025030674,0.2772539974969319,33.5490987551221,35.603778608029636,NaN,NaN,NaN,NaN,0.010630505931187167,-0.1064106000959642,-0.11704110602715137,20.333822593940017
2022-12-05,0.322984,0.329,0.305134,0.307296,0.4190914999999997,0.5750107798745622,0.2631722201254372,32.55798690071447,35.10005114765173,NaN,NaN,NaN,NaN,0.010319353555367367,-0.10414191408294216,-0.11446126763830952,20.670266576905753
2022-12-12,0.307461,0.318877,0.255719,0.266099,0.4065548499999997,0.5691981757373693,0.24391152426263008,30.052792108619485,34.38705492761137,NaN,NaN,NaN,NaN,0.007997796940961324,-0.10446402146210787,-0.1124618184030692,21.50921298934564
2022-12-19,0.266204,0.269982,0.24672,0.259087,0.3931352499999997,0.5579300681720286,0.22834043182797079,29.634820050358172,33.84943942045616,NaN,NaN,NaN,NaN,0.0067012359723197246,-0.10408527343766955,-0.11078650940998927,22.37958095260364
2022-12-26,0.259075,0.266247,0.239143,0.249685,0.3771400499999997,0.5321315209633793,0.22214857903662014,29.051385301348432,33.27302432941078,NaN,NaN,NaN,NaN,0.005947292596593615,-0.10335239366424726,-0.10929968626084087,23.26767002820548
2023-01-02,0.249685,0.298747,0.246704,0.297078,0.3688551499999997,0.5223578567608644,0.2153524432391349,35.90176587790401,33.278770029905495,NaN,NaN,NaN,NaN,0.009183943507128117,-0.09781975687693073,-0.10700370038405885,23.39624395472452
2023-01-09,0.297281,0.369903,0.295687,0.350742,0.3649423999999997,0.5160848869087503,0.21379991309124916,42.65372099277237,33.74207803001247,NaN,NaN,NaN,NaN,0.015131419521417097,-0.08808942598228747,-0.10322084550370457,22.214753783207566
2023-01-16,0.350818,0.386877,0.323649,0.377005,0.3585949499999997,0.4958798622802356,0.22131003771976376,45.66998454473722,34.60791377892757,NaN,NaN,NaN,NaN,0.02068305630079416,-0.07736702512771187,-0.09805008142850603,20.842425729092955
2023-01-23,0.376602,0.4,0.347356,0.397813,0.35298139999999967,0.4731434738859065,0.23281932611409287,48.003490545212124,35.669294678133966,NaN,NaN,NaN,NaN,0.025300296517602044,-0.06642471078150347,-0.09172500729910552,19.353694024479427
2023-01-30,0.397678,0.413668,0.365896,0.392825,0.35024849999999963,0.46400455936653306,0.2364924406334662,47.47706884813744,36.386956666618524,NaN,NaN,NaN,NaN,0.02738592676014047,-0.05749259884892993,-0.0848785256090704,18.197436411678417
2023-02-06,0.392529,0.40367,0.3543,0.363693,0.34610289999999966,0.4512263176706698,0.24097948232932953,44.41365271538657,36.90065821926806,NaN,NaN,NaN,NaN,0.026172228990684332,-0.05216323937071499,-0.07833546836139932,16.916605958524773
2023-02-13,0.364216,0.421362,0.345453,0.398766,0.34507699999999963,0.4476942928916079,0.24245970710839135,48.704915802903905,38.01001850522728,NaN,NaN,NaN,NaN,0.02699196168597648,-0.04459551625392871,-0.07158747793990519,16.041792683331938
2023-02-20,0.399636,0.409375,0.351603,0.368698,0.3423512999999997,0.4392593271269726,0.2454432728730268,45.46446523080217,38.955963667477725,NaN,NaN,NaN,NaN,0.024824570880705804,-0.040556764339022944,-0.06538133521972875,15.229466070652876
2023-02-27,0.369064,0.3699,0.321,0.337121,0.3406870499999997,0.4367502832299513,0.24462381677004813,42.28284857718232,39.67271401794293,NaN,NaN,NaN,NaN,0.020745646069704658,-0.03944927763259792,-0.06019492370230258,14.416455250385903
2023-03-06,0.337007,0.338427,0.297952,0.332354,0.3391972499999997,0.43480594762920155,0.2435885523707978,41.807200419786604,40.26257842256182,NaN,NaN,NaN,NaN,0.017346100798321613,-0.03851229770440057,-0.05585839850272218,14.086700607093231
2023-03-13,0.332415,0.370999,0.316845,0.345673,0.3361938999999997,0.4269008025463989,0.24548699745360053,43.71242115522382,41.05932372645534,NaN,NaN,NaN,NaN,0.015665258236541926,-0.03627682570704477,-0.051942083943586695,13.105180953186855
2023-03-20,0.345873,0.387407,0.31,0.356095,0.33388804999999977,0.41999267962809705,0.24778342037190249,45.2236602850306,42.142957167627564,NaN,NaN,NaN,NaN,0.014929193716529288,-0.033280591797925085,-0.04820978551445437,12.464293106844341
2023-03-27,0.35653,0.408989,0.337607,0.381735,0.3364614499999997,0.425020816627093,0.2479020833729064,48.86131765675721,43.5162784252275,NaN,NaN,NaN,NaN,0.015761034043763854,-0.028508492959749554,-0.04426952700351341,12.276324340551344
2023-04-03,0.381724,0.404712,0.37094,0.389595,0.3403359499999997,0.4310481427427176,0.24962375725728186,49.95842460266994,45.00963837532189,NaN,NaN,NaN,NaN,0.016361399661990655,-0.02381777742602509,-0.040179177088015744,12.101781914707846
2023-04-10,0.389661,0.461667,0.385278,0.451682,0.34730304999999967,0.4490742340817041,0.2455318659182952,57.68153360632226,46.56533607020891,NaN,NaN,NaN,NaN,0.02020855877569694,-0.01491847861839457,-0.03512703739409151,12.931280536403372
2023-04-17,0.451459,0.451459,0.379121,0.38873,0.35058859999999964,0.4532506181691467,0.2479265818308526,49.36284425505828,47.04455916037218,NaN,NaN,NaN,NaN,0.017863314454339817,-0.012797894326166737,-0.030661208780506554,13.545931116114824
2023-04-24,0.389205,0.41917,0.376443,0.395787,0.3550131499999996,0.4574578308444064,0.25256846915559283,50.229379892122594,47.37023025661399,NaN,NaN,NaN,NaN,0.01618682992852559,-0.010427671369849567,-0.026614501298375157,14.045663419698403
2023-05-01,0.395939,0.398051,0.374353,0.37692,0.3605541999999996,0.454824749453381,0.2662836505466182,47.87077601754629,47.36075064749502,NaN,NaN,NaN,NaN,0.01332609299915467,-0.009956885049431818,-0.02328297804858649,14.45090757810535
2023-05-08,0.376161,0.379676,0.348712,0.370929,0.3661462999999996,0.4481478787923765,0.2841447212076227,47.114238413276915,47.334834187862114,NaN,NaN,NaN,NaN,0.010664397540776936,-0.00995248112261532,-0.020616878663392256,14.119569178720306
2023-05-15,0.371279,0.380506,0.356989,0.360336,0.37167884999999956,0.43409621556530115,0.309261484434698,45.737852688924484,47.429419900257685,NaN,NaN,NaN,NaN,0.007948992686444951,-0.010680637805336068,-0.01862963049178102,13.83042764578084
2023-05-22,0.360553,0.385,0.353672,0.382984,0.3759741499999996,0.42826786888585044,0.3236804311141488,49.15771493685213,47.4617626955397,NaN,NaN,NaN,NaN,0.007445515433425205,-0.009322736199999515,-0.01676825163342472,13.667897769932702
2023-05-29,0.38327,0.386331,0.361127,0.377182,0.3772961499999996,0.4282922459340254,0.32630005406597384,48.31757939592268,47.66555656447688,NaN,NaN,NaN,NaN,0.006522242286951091,-0.008615448774735857,-0.015137691061686947,13.550041794378462
2023-06-05,0.377299,0.379007,0.216009,0.272808,0.3720862999999996,0.44046443537120167,0.3037081646287975,36.29903157794557,47.2381410645314,NaN,NaN,NaN,NaN,-0.0009212515560882168,-0.016289255506797218,-0.015368003950709001,14.769257782742603
2023-06-12,0.272074,0.289275,0.252332,0.260991,0.3652451999999996,0.44785529210648733,0.28263510789351187,35.23055285932534,46.768380524498454,NaN,NaN,NaN,NaN,-0.006152421938408304,-0.023058531373719382,-0.016906109435311078,15.90138691479502
2023-06-19,0.260478,0.30475,0.252442,0.292123,0.36021009999999964,0.44761868391921406,0.27280151608078523,40.22274482436295,46.51911792943695,NaN,NaN,NaN,NaN,-0.006967796782427441,-0.02561585541334538,-0.018648058630917938,16.53320083167064
2023-06-26,0.2915,0.299345,0.262502,0.291799,0.3566153999999996,0.4489309602949063,0.26429983970509285,40.18802796305148,46.15942990643845,NaN,NaN,NaN,NaN,-0.006964260649289601,-0.027353384442529938,-0.020389123793240337,17.119885183055146
2023-07-03,0.291767,0.301395,0.2754,0.284728,0.3509134999999996,0.4461518381722006,0.2556751618277986,39.38899596432782,45.48283549983635,NaN,NaN,NaN,NaN,-0.006862337169586959,-0.028967045255224033,-0.022104708085637075,17.603540466017893
2023-07-10,0.284558,0.379,0.278271,0.314544,0.3482057999999996,0.44434270716183044,0.2520688928381688,44.408163828149775,45.086388301656335,NaN,NaN,NaN,NaN,-0.0043344065846040065,-0.027522716316392082,-0.023188309731788075,16.573579908976594
2023-07-17,0.31391,0.332224,0.300168,0.317024,0.3472009499999996,0.4441965808118688,0.25020531918813044,44.81748921761653,44.167527988177355,NaN,NaN,NaN,NaN,-0.002153060712824277,-0.02587963562281842,-0.023726574909994143,15.617187963152526
2023-07-24,0.317,0.318806,0.300002,0.315723,0.34636939999999966,0.4441419543154226,0.24859684568457674,44.631831642335385,43.82959851584001,NaN,NaN,NaN,NaN,-0.0005396845059311532,-0.024401180542408085,-0.023861496036476932,14.725116096038281
2023-07-31,0.315675,0.318744,0.288803,0.291785,0.3436749999999997,0.44430415860724537,0.24304584139275398,41.24616657668549,43.187940421880214,NaN,NaN,NaN,NaN,-0.0008102869340156221,-0.02487435470399646,-0.024064067769980838,13.72889021679701
2023-08-07,0.2918,0.302353,0.281587,0.289536,0.3403470499999997,0.44348424766113476,0.23720985233886466,40.93200822396791,42.69231415091033,NaN,NaN,NaN,NaN,-0.0008615571269750336,-0.025141014178699628,-0.024279457051724594,12.985326829078197
2023-08-14,0.289166,0.2923,0.245501,0.270471,0.33478384999999966,0.44036521557230246,0.22920248442769686,38.270881692446494,42.06064581370816,NaN,NaN,NaN,NaN,-0.0018438606276850525,-0.026584282836330908,-0.024740422208645856,13.13188882316295
2023-08-21,0.27043,0.272234,0.249811,0.263343,0.3284712499999997,0.4352791881785453,0.22166331182145416,37.2946244357686,41.45755808133988,NaN,NaN,NaN,NaN,-0.002592229811557229,-0.02798070947309239,-0.025388479661535162,13.267982103384504
2023-08-28,0.263254,0.279631,0.25,0.255908,0.31868254999999973,0.41376971177377386,0.2235953882262256,36.255732310842724,40.53598789376779,NaN,NaN,NaN,NaN,-0.003168426555153585,-0.02934901285547714,-0.026180586300323556,13.164221356069822
2023-09-04,0.255999,0.260925,0.243804,0.249044,0.31169824999999973,0.4056930531922608,0.21770344680773868,35.278680629798174,39.60463798190175,NaN,NaN,NaN,NaN,-0.0035628423922342937,-0.030634139290616424,-0.02707129689838213,13.22308878870762
2023-09-11,0.249157,0.254799,0.236515,0.24727,0.30427239999999967,0.3938852692686598,0.21465953073133953,35.01603579986735,39.51299542632473,NaN,NaN,NaN,NaN,-0.0034896932015386316,-0.03143341340030542,-0.02794372019876679,13.46374286583734
2023-09-18,0.246912,0.257673,0.241818,0.24297,0.2975748999999997,0.3844489606024712,0.2107008393975282,34.34851619418397,39.44999280738606,NaN,NaN,NaN,NaN,-0.0032805676132269465,-0.03204442971530047,-0.028763862102073524,13.581510586797844
2023-09-25,0.242656,0.2681,0.240743,0.266208,0.29233885000000004,0.37332063321641906,0.21135706678358102,40.90488812840629,39.49871732910344,NaN,NaN,NaN,NaN,-0.0012322894587010573,-0.030304223925449847,-0.02907193446674879,13.30240039795281
2023-10-02,0.266211,0.274166,0.2526,0.25663,0.2871535500000001,0.36318513409891906,0.21112196590108115,39.16861509031668,39.4259021239081,NaN,NaN,NaN,NaN,-0.0002300720503551762,-0.02935952452969276,-0.029129452479337584,12.818013691000212
2023-10-09,0.25639,0.259,0.242,0.247417,0.28037520000000005,0.3442197089059432,0.21653069109405684,37.518918615457174,39.292325170417335,NaN,NaN,NaN,NaN,0.00008777468325310567,-0.0290197341252712,-0.029107508808524307,12.710922657026714
2023-10-16,0.247399,0.264204,0.239277,0.264098,0.2747210000000001,0.32083953802540666,0.22860246197459355,42.26071525399211,39.13893598654893,NaN,NaN,NaN,NaN,0.0016123036160429656,-0.0270921292884706,-0.028704432904513567,12.401416661146648
2023-10-23,0.264204,0.298681,0.261754,0.295457,0.2758534500000001,0.3228327454714185,0.22887415452858173,49.950572953673195,39.50558482483869,NaN,NaN,NaN,NaN,0.004746280151578644,-0.02277158271504026,-0.027517862866618906,12.144922251966065
2023-10-30,0.295577,0.35,0.28452,0.341821,0.27989495000000014,0.3343732425631005,0.2254166574368998,58.706996364708885,40.510953733579655,NaN,NaN,NaN,NaN,0.009671505348735298,-0.015428481180699782,-0.02509998652943508,13.227029798763802
2023-11-06,0.342607,0.39503,0.334,0.38333,0.28445530000000013,0.3551274590475325,0.21378314095246773,64.6670902911176,42.18387685603909,NaN,NaN,NaN,NaN,0.015129383986490073,-0.00618825654632249,-0.021317640532812564,15.06665703663836
2023-11-13,0.383426,0.409074,0.3415,0.384204,0.2890755500000001,0.3720715852582564,0.20607951474174385,64.78235352607072,43.88747294904643,NaN,NaN,NaN,NaN,0.018007294768996134,0.001191477928432605,-0.01681581684056353,16.998145675116458
2023-11-20,0.384302,0.4025,0.355372,0.387957,0.29423700000000014,0.38769023748698983,0.20078376251301044,65.3057380407764,45.818534116784285,NaN,NaN,NaN,NaN,0.019259955630225787,0.0072591276972187035,-0.012000827933007083,18.791670839417552
2023-11-27,0.387732,0.403097,0.369322,0.394822,0.2982509000000001,0.4012560242373886,0.1952457757626116,66.29254711902001,47.889814308445104,NaN,NaN,NaN,NaN,0.019582978009883893,0.012477894579347781,-0.00710508343053611,20.467503949286446
2023-12-04,0.395045,0.647402,0.393099,0.594645,0.3121319500000001,0.47747622135219964,0.14678767864780057,82.18035824490774,51.17014473230689,NaN,NaN,NaN,NaN,0.031575882839287396,0.03236477011857314,0.0007888872792857406,24.193683109685452
2023-12-11,0.595181,0.680274,0.52,0.580028,0.3253472000000001,0.527810125820605,0.12288427417939521,79.23817281762388,54.31010846000872,NaN,NaN,NaN,NaN,0.03649752836331069,0.0464107977334241,0.009913269370113413,27.792166947353188
2023-12-18,0.580323,0.651267,0.545,0.592198,0.34036785000000014,0.5729734008033069,0.10776229919669333,79.88391979662063,57.51495731691966,NaN,NaN,NaN,NaN,0.03835534326762933,0.05785744845465007,0.019502105187020745,31.133616225187517
2023-12-25,0.59193,0.676856,0.564014,0.594148,0.3555984500000001,0.6116092995181208,0.09958760048187948,79.99130496262168,60.77515651466522,NaN,NaN,NaN,NaN,0.0374557826585902,0.0663218335102585,0.028866050851668296,34.345558233325725
2024-01-01,0.593873,0.637184,0.488,0.493908,0.3667703000000001,0.626421766232794,0.10711883376720621,61.74438608749947,62.26369208317187,NaN,NaN,NaN,NaN,0.02826821257986649,0.06420131657650141,0.03593310399663492,35.299476226441904
2024-01-08,0.49441,0.618389,0.465,0.525259,0.3798661,0.6437167705217177,0.11601542947828225,64.47392337208721,64.07121410329833,NaN,NaN,NaN,NaN,0.022700907561125784,0.06430923844804215,0.041608330886916366,35.658521913033134
2024-01-15,0.5246,0.54796,0.471395,0.502474,0.3921944,0.6547637160454209,0.1296250839545791,61.06387504254926,65.75299670523349,NaN,NaN,NaN,NaN,0.016187988865724617,0.06184331696907214,0.04565532810334752,35.99192147915357
2024-01-22,0.502387,0.505414,0.447821,0.49,0.4042422,0.6614907713535454,0.14699362864645465,59.217302201906506,66.96418148722736,NaN,NaN,NaN,NaN,0.010044924027980226,0.058211483138322806,0.04816655911034258,35.73996126305544
2024-01-29,0.49,0.536398,0.484559,0.493327,0.41654505000000003,0.6660055739202991,0.16708452607970092,59.56848548718897,67.65117523962135,NaN,NaN,NaN,NaN,0.005441194524926897,0.0549680522665012,0.0495268577415743,35.86042468165183
2024-02-05,0.493326,0.565203,0.471843,0.541712,0.43148215,0.6732377676118978,0.18972653238810222,64.37329497053217,68.05591085432302,NaN,NaN,NaN,NaN,0.004906720408962721,0.055660258252777706,0.050753537843814985,36.27853193591374
2024-02-12,0.541534,0.639,0.531101,0.619407,0.4491421,0.6916257576529647,0.2066584423470353,70.44666414190901,68.46873755795097,NaN,NaN,NaN,NaN,0.008810107069540413,0.0617661716807405,0.05295606461120009,37.32869329712697
2024-02-19,0.619408,0.6419,0.568549,0.591317,0.46587645,0.6989187831881783,0.23283411681182165,66.06187920008031,68.56013224895166,NaN,NaN,NaN,NaN,0.008519405327351556,0.06360532127038954,0.05508591594303798,38.3272443223282
2024-02-26,0.591189,0.764052,0.57315,0.728223,0.48991675,0.7270184605841921,0.252815039415808,74.41905988439073,69.21108380920984,NaN,NaN,NaN,NaN,0.016125411104210383,0.07524267982330096,0.05911726871909058,40.06358786637895
2024-03-04,0.728191,0.799252,0.575483,0.717417,0.5125827000000001,0.7456378247753196,0.2795275752246805,72.89329798630472,69.68256601401588,NaN,NaN,NaN,NaN,0.01881881294663315,0.08264078490238203,0.06382197195574887,41.85561305881225
2024-03-11,0.716744,0.809794,0.6292,0.680957,0.5318577,0.7533748680571054,0.31034053194289457,67.83945959581646,68.65821611050936,NaN,NaN,NaN,NaN,0.01661182701175161,0.08458675572043839,0.06797492870868678,43.572544681398846
2024-03-18,0.680673,0.698312,0.569052,0.646499,0.5470916,0.7557715103195132,0.33841168968048685,63.36787953810117,67.5246237334006,NaN,NaN,NaN,NaN,0.011538968052896989,0.08239863877480802,0.07085967072191103,43.798024940054766
2024-03-25,0.6465,0.683314,0.63,0.650364,0.5604433,0.7594500807710081,0.36143651922899184,63.65724096705519,66.36557524557449,NaN,NaN,NaN,NaN,0.0073551477411264304,0.08005360539831907,0.07269845765719264,44.007399465949554
2024-04-01,0.650365,0.651373,0.559325,0.589659,0.5707160499999999,0.7527606447425808,0.3886714552574191,56.15445668407838,64.66294322567855,NaN,NaN,NaN,NaN,-0.00018958801821612747,0.07246147263442249,0.07265106065263861,42.77635236524643
2024-04-08,0.588869,0.623927,0.400001,0.467919,0.5747141499999999,0.7435619154187649,0.405866384581235,44.760739842327105,63.449825636737664,NaN,NaN,NaN,NaN,-0.013340051954423088,0.05597599570960976,0.06931604766403285,40.05632750982668
2024-04-15,0.467925,0.512423,0.423459,0.498969,0.5799215,0.7318304540948791,0.42801254590512083,47.67674912443719,62.25002747619123,NaN,NaN,NaN,NaN,-0.019533603129719496,0.04489904375188347,0.06443264688160297,37.53059014407976
2024-04-22,0.499412,0.522277,0.445,0.459945,0.5731864999999999,0.7335934987693811,0.41277950123061885,44.49745243282547,61.066711575496676,NaN,NaN,NaN,NaN,-0.02546945791889186,0.032595824482988145,0.058065282401880004,35.054437350591634
2024-04-29,0.459945,0.475578,0.418059,0.458131,0.56709165,0.7350797711863214,0.3991035288136785,44.34940448261508,60.00471888126157,NaN,NaN,NaN,NaN,-0.028499920971872844,0.02244038118703895,0.05094030215891179,33.09502263291705
2024-05-06,0.457958,0.475001,0.432411,0.43763,0.5593632499999999,0.7360185476719086,0.3827079523280912,42.62341578244938,58.794356759494455,NaN,NaN,NaN,NaN,-0.030678082489485024,0.012592699047055511,0.043270781536540535,31.275566109362085
2024-05-13,0.43763,0.490882,0.425349,0.46715,0.55301335,0.7333033114623903,0.37272338853760967,45.889005800646444,57.4740503902169,NaN,NaN,NaN,NaN,-0.028945710173203236,0.007088643820036489,0.036034353993239725,29.336975141494882
2024-05-20,0.467149,0.51,0.4444,0.457883,0.5512121,0.734522657296518,0.36790154270348197,45.02271022225931,55.658053681670495,NaN,NaN,NaN,NaN,-0.027262427426791365,0.0019563197097505203,0.029218747136541885,27.2459725652214
2024-05-27,0.457872,0.474333,0.440721,0.446125,0.5472553999999998,0.7359723455935552,0.35853845440644455,43.89055112779372,54.07438739079288,NaN,NaN,NaN,NaN,-0.0257949867486528,-0.0030249862992741128,0.022770000449378686,25.35455654849456
2024-06-03,0.446244,0.490002,0.425,0.444052,0.5443342999999998,0.7374898535065995,0.3511787464934002,43.681992197091404,51.87888255598578,NaN,NaN,NaN,NaN,-0.023862891295867363,-0.007058613670455516,0.016804277625411847,23.858582556051562
2024-06-10,0.444052,0.4512,0.4,0.416276,0.5406480999999999,0.7405081960100859,0.34078800398991377,40.879053051117204,49.59215077490096,NaN,NaN,NaN,NaN,-0.02332675992533904,-0.012354172281261955,0.010972587644077086,22.873520866532786
2024-06-17,0.416294,0.420447,0.36,0.379779,0.5349706999999999,0.746022927327836,0.3239184726721638,37.4762306535447,47.423348707595835,NaN,NaN,NaN,NaN,-0.024197084131374856,-0.019273767520141483,0.004923316611233372,22.553229722153894
2024-06-24,0.379783,0.402917,0.362002,0.391948,0.5274824999999999,0.7474842264045909,0.3074807735954088,39.290807312868594,45.70355783436493,NaN,NaN,NaN,NaN,-0.022742423135553004,-0.023504712308207887,-0.000762289172654881,22.25581651665921
2024-07-01,0.391948,0.422577,0.317423,0.34692,0.5138581499999999,0.742962511613895,0.28475378838610477,35.21788699830893,43.672175408025915,NaN,NaN,NaN,NaN,-0.023505106525503222,-0.03014367232953391,-0.0066385658040306866,22.602366272704355
2024-07-08,0.346535,0.446145,0.330513,0.431904,0.5058874999999998,0.7347499156924864,0.27702508430751327,46.491796095309,42.98198536597096,NaN,NaN,NaN,NaN,-0.01726696229515248,-0.028222268672971285,-0.010955306377818805,22.40362470583663
2024-07-15,0.431863,0.4568,0.414126,0.446628,0.4918077499999999,0.6977222240720048,0.28589327592799496,48.174607111044416,43.225833028022194,NaN,NaN,NaN,NaN,-0.011412322929577032,-0.025220710039790095,-0.013808387110213063,21.986661454735554
2024-07-22,0.446812,0.449878,0.381904,0.407445,0.4763091499999998,0.6570948026522793,0.2955234973477203,44.19159852114093,42.976893699215324,NaN,NaN,NaN,NaN,-0.009519174664381881,-0.025707355440690416,-0.016188180776308535,22.083721608422714
2024-07-29,0.407265,0.426796,0.333648,0.343849,0.4594537499999999,0.6227939591768903,0.2961135408231095,38.61167211539476,42.556480819398836,NaN,NaN,NaN,NaN,-0.011744538736599114,-0.030868854197057427,-0.019124315460458313,22.808242417391366
2024-08-05,0.343962,0.356632,0.275966,0.327695,0.44351354999999987,0.592303847266288,0.29472325273371175,37.32254721554688,42.054562443179684,NaN,NaN,NaN,NaN,-0.013380243504863797,-0.03584961984153806,-0.022469376336674264,24.10932285559785
2024-08-12,0.327781,0.345675,0.320501,0.334451,0.4277178999999999,0.5500373528861219,0.3053984471138778,38.251085807125136,41.74225315922796,NaN,NaN,NaN,NaN,-0.013068055938628403,-0.03880444625995977,-0.025736390321331366,25.317468976789588
2024-08-19,0.334326,0.401384,0.328071,0.384962,0.4174830499999998,0.5157870141082216,0.319179085891778,44.83160254043238,41.66672435492695,NaN,NaN,NaN,NaN,-0.008729205958939477,-0.03664789777000571,-0.027918691811066234,25.160778288391256
2024-08-26,0.385191,0.387916,0.327289,0.331829,0.4106785499999998,0.5128403370056628,0.30851676299433684,40.00235679146344,41.30812768129868,NaN,NaN,NaN,NaN,-0.008688393996057833,-0.038779184306138526,-0.030090790310080693,25.025795752418965
2024-09-02,0.331206,0.340574,0.303494,0.338613,0.4026607499999998,0.5009436999147764,0.30437780008522314,40.87804601815711,41.092948744896056,NaN,NaN,NaN,NaN,-0.007500082855449029,-0.03946589387939198,-0.03196581102394295,25.224083430259498
2024-09-09,0.338823,0.365,0.330096,0.338558,0.3965913999999998,0.49496683218792153,0.2982159678120781,40.87283752451645,40.892294839712136,NaN,NaN,NaN,NaN,-0.006074189491486609,-0.03955854788830121,-0.0334843583968146,24.84882000801702
2024-09-16,0.338399,0.360868,0.326461,0.351597,0.3912646999999998,0.48724232999387096,0.29528707000612864,42.735664485117056,41.024909942140695,NaN,NaN,NaN,NaN,-0.003724659082412818,-0.03814018224983062,-0.034415523167417805,24.555953976802982
2024-09-23,0.351763,0.415503,0.346239,0.397812,0.38927379999999984,0.48294597274431206,0.2956016272556876,48.88283919527557,41.83966769512147,NaN,NaN,NaN,NaN,0.001206326932539789,-0.032907614501743065,-0.034113941434282855,23.11096725591694
2024-09-30,0.397574,0.397574,0.331832,0.357272,0.38377989999999984,0.47121917454616924,0.29634062545383044,44.38209246068207,42.203330919965296,NaN,NaN,NaN,NaN,0.001957577987584079,-0.031666968949802754,-0.03362454693738683,22.02332211195463
2024-10-07,0.357361,0.368225,0.331348,0.348321,0.3783017999999999,0.460025733132468,0.29657786686753185,43.43126197547876,42.79000056119171,NaN,NaN,NaN,NaN,0.0020611447891163565,-0.031048115950991384,-0.03310926074010774,21.022206218984426
2024-10-14,0.3475,0.3705,0.339467,0.364993,0.37424519999999994,0.44993142577616163,0.29855897422383826,45.76203270971999,42.73787460507821,NaN,NaN,NaN,NaN,0.003383828739502992,-0.028879474815729,-0.03226330355523199,20.040483456908618
2024-10-21,0.365,0.372193,0.313165,0.339596,0.3690223999999999,0.43891381406324614,0.2991309859367537,42.86467571731913,42.358593791240686,NaN,NaN,NaN,NaN,0.0027088366929358884,-0.02887725768906213,-0.03158609438199802,19.64270463935693
2024-10-28,0.339599,0.363333,0.327494,0.334454,0.3649312999999999,0.4328303108620155,0.2970322891379843,42.280993817797885,42.222122026716185,NaN,NaN,NaN,NaN,0.002103577025208265,-0.02895662310048769,-0.031060200125695953,19.2733385944875
2024-11-04,0.333449,0.662048,0.320338,0.590732,0.37547895,0.49513831812046905,0.2558195818795309,66.65319810787508,44.22508816903621,NaN,NaN,NaN,NaN,0.018252172171186413,-0.008244984911712938,-0.02649715708289935,20.995476773386276
2024-11-11,0.590738,0.819948,0.520082,0.702508,0.3910069499999999,0.5772574351810866,0.20475646481891324,72.17237197671835,46.71436136626274,NaN,NaN,NaN,NaN,0.0347918424470572,0.01699264597592215,-0.01779919647113505,23.498153100461636
2024-11-18,0.701302,1.15,0.700685,1.023778,0.4248498499999999,0.756209147772237,0.09349055222776276,81.59916124353353,49.810652468863346,NaN,NaN,NaN,NaN,0.06399971420880465,0.06220044628987076,-0.0017992679189338875,26.87300227966409
2024-11-25,1.022554,1.1628,0.869676,1.149563,0.4607327999999999,0.9186416529035446,0.002823947096455226,83.89893714484762,52.60117636917871,NaN,NaN,NaN,NaN,0.08699538003069349,0.10694495711943297,0.019949577088739488,30.035592483895595
2024-12-02,1.150575,1.32641,1.05727,1.194605,0.4981316499999999,1.0564861196266968,-0.060222819626696955,84.63928012673847,55.78952803598407,NaN,NaN,NaN,NaN,0.09954077502091241,0.14437554586488,0.044834770843967586,33.300926593001165
2024-12-09,1.194501,1.194501,0.910631,1.098713,0.53269505,1.1470857865592272,-0.08169568655922743,76.56745029667485,58.33877119873534,NaN,NaN,NaN,NaN,0.09565754017978038,0.16440669606869307,0.06874915588891269,34.65843036451758
2024-12-16,1.098714,1.12035,0.761026,0.882523,0.5596287499999999,1.1856620024612012,-0.06640450246120133,62.17179736390275,59.86012547297721,NaN,NaN,NaN,NaN,0.07378556381738294,0.16098111066064136,0.08719554684325842,34.52833302610749
2024-12-23,0.882356,0.9495,0.850002,0.85762,0.5861249999999999,1.2154981264269233,-0.04324812642692344,60.75480163885326,61.14720669824408,NaN,NaN,NaN,NaN,0.053824475145400855,0.15447614077500949,0.10065166562960863,34.407528354726686
2024-12-30,0.856214,1.117788,0.828947,1.091302,0.6239675499999999,1.2787614853086513,-0.03082638530865145,68.10165736695818,62.51997942479287,NaN,NaN,NaN,NaN,0.052487100841907414,0.1662605416819929,0.11377344084008548,34.981030076921186
2025-01-06,1.091301,1.150791,0.88,0.96682,0.6530604499999999,1.3144637613792147,-0.008342861379214916,61.4972114761345,63.74248792589661,NaN,NaN,NaN,NaN,0.03991599881071675,0.1636684393534814,0.12375244054276466,35.6340450207087
2025-01-13,0.967187,1.166474,0.876993,0.992332,0.6860856,1.3459907494020635,0.02618045059793639,62.304067104858774,65.09054543513804,NaN,NaN,NaN,NaN,0.030444101845713972,0.16180756784990713,0.13136346600419316,36.29938009209597
2025-01-20,0.992055,1.098718,0.951005,0.953032,0.7168065499999999,1.3662712015986762,0.06734189840132354,60.21086462640682,66.12260485775853,NaN,NaN,NaN,NaN,0.01920572037142579,0.1553706164684754,0.1361648960970496,36.91719122981273
2025-01-27,0.952363,0.988172,0.7521,0.80405,0.7400811499999999,1.3666155835738545,0.11354671642614522,52.94855312845484,66.8428818156968,NaN,NaN,NaN,NaN,0.00040585243214313893,0.13667221163722854,0.1362663592050854,35.642638848959265
2025-02-03,0.804169,0.82467,0.51055,0.682135,0.7566080499999999,1.3582228828116507,0.15499321718834902,47.86120281305407,67.24146817250082,NaN,NaN,NaN,NaN,-0.020421460903611577,0.11073953307557094,0.13116099397918252,33.344167620725756
2025-02-10,0.681845,0.829999,0.663768,0.77216,0.7753254499999999,1.3539794868290804,0.1966714131709194,51.56215148701527,66.16353627101083,NaN,NaN,NaN,NaN,-0.02785567524541492,0.09634139992241386,0.12419707516782878,31.17678822973811
2025-02-17,0.771569,0.829432,0.733,0.769811,0.7959523999999998,1.3420210353323738,0.24988376466762574,51.459510156721294,64.68404614101102,NaN,NaN,NaN,NaN,-0.0323372449639851,0.0837755189628474,0.11611276392683251,29.164221652392442
2025-02-24,0.769804,1.157708,0.58,1.135041,0.8352883999999998,1.3596195096879153,0.3109572903120844,63.5942261947878,63.39797935181491,NaN,NaN,NaN,NaN,-0.011201486773996419,0.10211090545933699,0.1133123922333334,28.649591110309895
2025-03-03,1.135275,1.177681,0.70951,0.720059,0.8530416999999998,1.334791016777555,0.37129238322244473,48.69779434486062,60.8836120089587,NaN,NaN,NaN,NaN,-0.024883031778861447,0.08220860250975659,0.10709163428861804,28.258845932848924
2025-03-10,0.721087,0.778,0.647721,0.70519,0.8713213999999999,1.2983957988535961,0.44424700114640375,48.26157667043032,58.2852046192224,NaN,NaN,NaN,NaN,-0.03407918832035099,0.0644926488881793,0.09857183720853029,27.460527849823723
2025-03-17,0.705021,0.755001,0.682,0.710084,0.8901028999999999,1.2486217167758566,0.5315840832241432,48.425332695853754,56.2750533620209,NaN,NaN,NaN,NaN,-0.038643010693856755,0.05026807384120935,0.0889110845350661,26.71923248701461
2025-03-24,0.709898,0.774,0.651653,0.660934,0.8936129999999999,1.241557749301381,0.5456682506986188,46.822518752922335,55.17867631837943,NaN,NaN,NaN,NaN,-0.043425019229231476,0.03462981049852676,0.07805482972775823,25.801575577138713
2025-03-31,0.661324,0.709026,0.559539,0.573295,0.8871523499999998,1.2533696196535642,0.5209350803464354,44.02442194846501,53.98364919763741,NaN,NaN,NaN,NaN,-0.050450405494454925,0.014991822859689585,0.06544222835414451,24.280404055472673
2025-04-07,0.573351,0.668587,0.510646,0.637198,0.8678233499999999,1.243832351750903,0.4918143482490969,46.533412061990255,52.44306024728257,NaN,NaN,NaN,NaN,-0.0487275720129291,0.004532763337983137,0.053260335350912236,22.559517179141373
2025-04-14,0.637996,0.656854,0.595152,0.620011,0.8413457499999998,1.2087491553690182,0.4739423446309813,45.9370269947703,51.33161849861369,NaN,NaN,NaN,NaN,-0.04667575201905265,-0.005084354672903579,0.04159139734614907,20.9615507939766
2025-04-21,0.620204,0.748615,0.615968,0.703745,0.8168027499999999,1.1505754280591107,0.48303007194088915,49.34334224716535,50.40585243734988,NaN,NaN,NaN,NaN,-0.037978363516785615,-0.005881557049832953,0.03209680646695266,20.08809545306058
2025-04-28,0.703745,0.729893,0.665113,0.676677,0.7957009499999999,1.1081996285850317,0.483202271414968,48.284260431154834,49.553952137689016,NaN,NaN,NaN,NaN,-0.032556157310194844,-0.008598390170790893,0.02395776713940395,19.27702977935284
2025-05-05,0.676677,0.84602,0.642603,0.804808,0.7918151999999999,1.101821654616417,0.4818087453835829,53.38474823999296,49.585108931370314,NaN,NaN,NaN,NaN,-0.019492373250048312,-0.0004076994231564379,0.019084673826891874,19.277410332054636
2025-05-12,0.80522,0.86346,0.717622,0.759743,0.7869213499999999,1.095705860127225,0.4781368398727748,51.4623283605859,49.842332184765446,NaN,NaN,NaN,NaN,-0.01333235842159505,0.0024192257998980615,0.01575158422149311,19.383567301373965
2025-05-19,0.759881,0.84183,0.710901,0.76,0.77035625,1.0457935374916358,0.49491896250836415,51.47306065015375,49.83596855356105,NaN,NaN,NaN,NaN,-0.008899679254334967,0.004626985153574403,0.01352666440790937,19.416942011446746
2025-05-26,0.76,0.776736,0.655,0.685282,0.7562793499999999,1.0185787733240137,0.4939799266759861,48.14033654188543,49.59888472392991,NaN,NaN,NaN,NaN,-0.010546474157549637,0.00034357171097232353,0.01089004586852196,18.90509524464132
2025-06-02,0.685283,0.706811,0.62,0.669434,0.74013445,0.9812207593188611,0.49904814068113884,47.438741618253744,48.444921539891766,NaN,NaN,NaN,NaN,-0.012136454502243607,-0.004280522259282549,0.007855932242961059,18.10105559594636
2025-06-09,0.670186,0.731169,0.613435,0.633162,0.7241409499999999,0.9484688083337123,0.4998130916662875,45.793744299355446,48.23748939378425,NaN,NaN,NaN,NaN,-0.014883225716399957,-0.010748099902538888,0.00413512581386107,17.55111669198323
2025-06-16,0.633492,0.657129,0.510252,0.541753,0.7110260999999999,0.9455702802073982,0.47648191979260157,41.85480328089751,47.77986272310334,NaN,NaN,NaN,NaN,-0.021695853398841405,-0.022984690934690688,-0.0012888375358492818,16.49861618504422
2025-06-23,0.541754,0.593838,0.528935,0.577508,0.7057947499999999,0.9472486417713896,0.46434085822861026,43.88791948857937,47.45576177972661,NaN,NaN,NaN,NaN,-0.022534993306202466,-0.029457579168602366,-0.006922585862399899,15.52129428574371
2025-06-30,0.577508,0.611732,0.536671,0.574458,0.6959096499999999,0.9418326463669726,0.44998665363302726,43.747396198946674,47.23611016872834,NaN,NaN,NaN,NaN,-0.022011160337614574,-0.03443653628441812,-0.012425375946803544,14.44109487467724
